countryCode,firstName,lastName,traderId,stockSymbol,stockName,tradeId,price,volume,tradeDatetime
TV,Vanessa,Green,MUVGtYHdeMdauAxzEJvt,FB,Facebook,,1701.76,58.0,2020-04-03 07:03:32
,,,,FB,Facebook,P5-3756422C,,98.0,2020-01-13 08:29:53
UZ,Brandi,Robbins,JTzVqzzIkFlrYUQbhnOR,AMZN,Amazon,X0-7401234c,1857.63056,,2020-07-16 07:18:39
BT,Allison,Davis,TzqyQTQjZGeLZuJqlLaQ,AMZN,Amazon,K3-3189326K,2078.4403,32.0,2020-07-07 13:59:03
SZ,Blake,Martin,WVcMKILUHtBkEahrPLrG,FB,Facebook,U4-1266883G,1809.6,212.0,2020-08-01 02:57:54
MK,Scott,Thompson,sjAcfZksMRViIYdJRrnF,FB,Facebook,v1-6116914f,2206.0,297.0,2020-05-28 11:59:57
BT,Allison,Davis,TzqyQTQjZGeLZuJqlLaQ,AMZN,Amazon,,2103.0,295.0,2020-05-20 10:38:03
,,,,,,b0-7662558U,1596.1,19.0,2020-07-19 11:36:01
,,,,TSLA,Tesla,g4-1515316U,1657.0,206.0,2020-07-02 03:07:02
RO,Lisa,Brown,kBFQzPuESPIajAndSXpv,FB,Facebook,Q5-203481w,1525.0,162.0,2020-05-08 15:02:31
CV,April,Floyd,stOzTFyGrgJGPgVPVTJQ,FB,Facebook,I2-3031155M,2174.0,300.0,2020-04-22 09:19:04
BT,Allison,Davis,TzqyQTQjZGeLZuJqlLaQ,FB,Facebook,W0-4502018V,1797.874703,199.0,2020-03-31 20:55:24
,,,,FB,Facebook,r2-7173815j,1560.3955316,2.0,2020-01-22 03:03:08
,,,,TSLA,Tesla,y0-3554230i,1923.42793,251.0,2020-07-30 09:14:00
LC,Erin,Grant,HToYfSueoxPSgBHsToac,TSLA,Tesla,Z8-5294794s,1579.0,274.0,2020-05-13 08:20:37
NZ,Brittany,Herring,pjjFIyeNTWRUWCuKoQSU,AMZN,Amazon,U9-4261680I,2351.144499636,154.0,2020-02-10 17:42:11
LC,Erin,Grant,HToYfSueoxPSgBHsToac,FB,Facebook,m3-5832051Z,2401.0,191.0,2020-03-08 18:40:27
MK,Scott,Thompson,sjAcfZksMRViIYdJRrnF,FB,Facebook,,2404.76,241.0,2020-06-25 16:43:20
UZ,Brandi,Robbins,JTzVqzzIkFlrYUQbhnOR,TSLA,Tesla,F5-6023013s,2170.0,28.0,2020-05-06 23:17:55
KZ,Vicki,Burgess,deTclcaRrihIYAUADJPN,TSLA,Tesla,C1-2646452e,2343.0,128.0,2020-02-27 10:13:37
RO,Lisa,Brown,kBFQzPuESPIajAndSXpv,TSLA,Tesla,m6-4512331L,1958.946374418,1.0,2020-07-31 10:17:56
NZ,Caitlyn,Cruz,jDmYPxeqAWfCKCQCYFEx,,,a8-0666049O,1582.33,151.0,2020-06-23 05:49:08
GT,Holly,Simmons,puCpymcjBdurvfVyRYry,AMZN,Amazon,e3-5475253C,2364.335,144.0,
GD,Kyle,Blair,RNvnAvOpyEVAoNGnVZQU,TSLA,Tesla,F1-4183038Y,1800.81,127.0,2020-06-29 20:58:07
LC,Erin,Grant,HToYfSueoxPSgBHsToac,FB,Facebook,w7-6262521Y,1838.0,90.0,2020-02-05 21:57:48
LC,Erin,Grant,HToYfSueoxPSgBHsToac,TSLA,Tesla,y5-8254062D,2313.0,152.0,2020-02-23 10:43:51
NZ,Caitlyn,Cruz,jDmYPxeqAWfCKCQCYFEx,AMZN,Amazon,G3-4071417E,1575.17294,112.0,2020-07-06 21:34:01
,,,,AMZN,Amazon,F4-148127n,1631.64884076,286.0,
JP,Christine,Baldwin,vDAqsRnDaMrcomXsosXG,FB,Facebook,C7-1736950T,1547.478049606,48.0,2020-03-02 12:44:13
LA,Brandon,Berry,xIZVPeFzGRmMglPrQfhK,TSLA,Tesla,a0-1406640r,2052.15,,2020-02-01 06:50:41
KP,Tonya,Hernandez,wsdSKUxJgukcXlhktChZ,FB,Facebook,,2376.6355,97.0,2020-06-20 03:44:05
,,,,,,M9-6716527H,2369.652110767,119.0,
KZ,Vicki,Burgess,deTclcaRrihIYAUADJPN,AMZN,Amazon,d3-9105797s,2151.6990681,229.0,2020-04-23 00:47:49
UZ,Brandi,Robbins,JTzVqzzIkFlrYUQbhnOR,TSLA,Tesla,S8-5184300t,2069.28,,2020-07-04 14:50:31
,,,,FB,Facebook,g6-4482679e,2413.483622311651,212.0,
NZ,Brittany,Herring,pjjFIyeNTWRUWCuKoQSU,AMZN,Amazon,X3-8168569O,2208.147,59.0,2020-01-24 17:40:51
RO,Lisa,Brown,kBFQzPuESPIajAndSXpv,FB,Facebook,D4-4758905z,2157.831,3.0,2020-05-12 00:49:36
CV,April,Floyd,stOzTFyGrgJGPgVPVTJQ,AMZN,Amazon,E1-1662257k,2384.0,261.0,2020-07-19 19:58:35
BT,Allison,Davis,TzqyQTQjZGeLZuJqlLaQ,FB,Facebook,l4-5762286J,1551.3179568759,66.0,2020-06-14 23:29:14
CV,April,Floyd,stOzTFyGrgJGPgVPVTJQ,TSLA,Tesla,x8-5708009S,2100.0,87.0,2020-01-21 14:46:03
LC,Erin,Grant,HToYfSueoxPSgBHsToac,,,b7-0932339V,1617.68273222,,2020-07-22 02:00:32
BT,Allison,Davis,TzqyQTQjZGeLZuJqlLaQ,,,,1696.0,49.0,2020-04-23 23:34:44
,,,,FB,Facebook,J0-8117725z,1844.416,94.0,
KM,John,Nguyen,JyfwFVYySnPCaLuQIazT,AMZN,Amazon,a5-0196473a,1583.378,198.0,2020-04-21 05:17:49
TN,Tony,Hoffman,vHakrmHtTDvuKvIcxniB,FB,Facebook,o4-3294429O,1822.0,281.0,2020-01-08 17:03:33
NZ,Caitlyn,Cruz,jDmYPxeqAWfCKCQCYFEx,TSLA,Tesla,r7-5621727B,1833.6989741,280.0,2020-02-28 03:27:16
LA,Brandon,Berry,xIZVPeFzGRmMglPrQfhK,FB,Facebook,,1801.0,100.0,
KM,John,Nguyen,JyfwFVYySnPCaLuQIazT,AMZN,Amazon,g7-2857131j,2321.0,225.0,2020-04-12 19:07:07
RO,Lisa,Brown,kBFQzPuESPIajAndSXpv,FB,Facebook,u5-6673060C,2475.46228,244.0,2020-03-01 07:06:24
KZ,Vicki,Burgess,deTclcaRrihIYAUADJPN,TSLA,Tesla,K3-7393607Y,1964.84,100.0,2020-04-26 00:53:55
JP,Christine,Baldwin,vDAqsRnDaMrcomXsosXG,FB,Facebook,c3-1256362c,2165.754,119.0,2020-06-27 18:15:02
NG,Crystal,Garcia,goRcbvzSLJhZvFucyhbG,AMZN,Amazon,K9-4912840o,1625.6,33.0,2020-06-24 17:35:00
TV,Vanessa,Green,MUVGtYHdeMdauAxzEJvt,,,c4-5678390W,2104.8661675,155.0,2020-07-16 08:02:03
KP,Tonya,Hernandez,wsdSKUxJgukcXlhktChZ,FB,Facebook,z8-6978456Q,,68.0,2020-04-30 22:21:44
SZ,Blake,Martin,WVcMKILUHtBkEahrPLrG,AMZN,Amazon,c5-4007793n,2281.0,28.0,2020-01-10 17:34:13
,,,,FB,Facebook,O4-0215731a,1517.0,217.0,2020-07-15 06:06:35
UZ,Brandi,Robbins,JTzVqzzIkFlrYUQbhnOR,TSLA,Tesla,k6-8373639M,2401.336,140.0,2020-02-21 19:34:38
LC,Erin,Grant,HToYfSueoxPSgBHsToac,AMZN,Amazon,B9-1559966g,,149.0,2020-02-25 19:40:48
JP,Christine,Baldwin,vDAqsRnDaMrcomXsosXG,FB,Facebook,t0-8035327q,,269.0,2020-03-12 20:52:28
,,,,AMZN,Amazon,I5-3343433H,1587.0,,
JP,Christine,Baldwin,vDAqsRnDaMrcomXsosXG,AMZN,Amazon,r8-6474936t,1766.0,,2020-02-19 18:13:34
RU,Jordan,Walker,BJbHFDutYbbXjgkPWbwf,TSLA,Tesla,,2255.6,287.0,2020-01-24 17:40:12
KM,John,Nguyen,JyfwFVYySnPCaLuQIazT,FB,Facebook,x4-8103931c,2250.0,138.0,2020-04-11 04:27:10
,,,,TSLA,Tesla,g6-7777179d,1806.54466,,2020-06-13 02:22:07
,,,,TSLA,Tesla,w1-2631334p,2006.9,,2020-01-20 08:36:31
KM,John,Nguyen,JyfwFVYySnPCaLuQIazT,FB,Facebook,m8-6021263B,2387.0,281.0,2020-03-22 07:03:01
RO,Lisa,Brown,kBFQzPuESPIajAndSXpv,FB,Facebook,f4-5563605i,1625.84,241.0,
NZ,Caitlyn,Cruz,jDmYPxeqAWfCKCQCYFEx,TSLA,Tesla,A8-3474677N,1756.232,,
,,,,AMZN,Amazon,g4-4307570I,2031.3058836535,,2020-05-31 18:15:06
CV,April,Floyd,stOzTFyGrgJGPgVPVTJQ,TSLA,Tesla,T6-3341620l,1943.37,,2020-03-21 15:23:11
NZ,Brittany,Herring,pjjFIyeNTWRUWCuKoQSU,FB,Facebook,g8-860105V,2415.7,203.0,
SZ,Blake,Martin,WVcMKILUHtBkEahrPLrG,TSLA,Tesla,I9-5384464h,2086.5484,130.0,2020-02-04 12:40:01
NZ,Brittany,Herring,pjjFIyeNTWRUWCuKoQSU,AMZN,Amazon,J3-1843630V,2194.854,,2020-07-18 08:32:32
,,,,TSLA,Tesla,,,281.0,
,,,,AMZN,Amazon,h7-4923827x,1721.39367849928,172.0,2020-03-28 16:15:05
RU,Jordan,Walker,BJbHFDutYbbXjgkPWbwf,AMZN,Amazon,H8-559253J,1534.0,193.0,2020-04-26 12:48:20
UZ,Brandi,Robbins,JTzVqzzIkFlrYUQbhnOR,FB,Facebook,h2-2812127z,2053.0,38.0,2020-07-31 02:35:09
KM,John,Nguyen,JyfwFVYySnPCaLuQIazT,AMZN,Amazon,M7-9333383Y,1800.11,49.0,2020-07-23 20:15:41
GD,Kyle,Blair,RNvnAvOpyEVAoNGnVZQU,AMZN,Amazon,g6-5993828W,1838.0,,2020-03-26 06:11:02
CV,April,Floyd,stOzTFyGrgJGPgVPVTJQ,FB,Facebook,s9-0898166g,1568.2280176039,242.0,2020-06-11 02:03:05
,,,,AMZN,Amazon,I0-3827464t,1548.17691305148,34.0,2020-02-29 07:18:17
JP,Christine,Baldwin,vDAqsRnDaMrcomXsosXG,FB,Facebook,n7-8518105Z,1531.7227,65.0,2020-02-06 13:53:54
,,,,AMZN,Amazon,X3-5469900z,,171.0,
TV,Vanessa,Green,MUVGtYHdeMdauAxzEJvt,FB,Facebook,I5-3573418c,2121.744,187.0,2020-02-20 20:48:46
,,,,TSLA,Tesla,s5-2403701q,,35.0,2020-06-21 05:57:37
KM,John,Nguyen,JyfwFVYySnPCaLuQIazT,TSLA,Tesla,G2-5078839d,2075.201,,
GT,Holly,Simmons,puCpymcjBdurvfVyRYry,TSLA,Tesla,d0-035402p,,211.0,
,,,,FB,Facebook,w6-2371022w,1668.0,141.0,2020-04-07 03:07:44
UZ,Brandi,Robbins,JTzVqzzIkFlrYUQbhnOR,AMZN,Amazon,a2-5665866t,,204.0,2020-05-05 18:46:57
NG,Crystal,Garcia,goRcbvzSLJhZvFucyhbG,TSLA,Tesla,V8-7094321I,1770.892,92.0,
,,,,TSLA,Tesla,G2-0826699y,2117.900771601,,2020-01-09 20:05:48
KM,John,Nguyen,JyfwFVYySnPCaLuQIazT,AMZN,Amazon,R2-1538420U,2112.52793573,,2020-02-12 15:28:31
RU,Jordan,Walker,BJbHFDutYbbXjgkPWbwf,,,,1607.0,157.0,2020-07-02 01:49:01
LC,Erin,Grant,HToYfSueoxPSgBHsToac,TSLA,Tesla,L0-2822888p,1648.63597917,262.0,2020-07-15 18:06:12
NZ,Brittany,Herring,pjjFIyeNTWRUWCuKoQSU,TSLA,Tesla,F1-9726998M,2116.0,155.0,2020-05-21 07:25:29
KP,Tonya,Hernandez,wsdSKUxJgukcXlhktChZ,,,z5-600656q,1621.266,299.0,2020-06-13 03:46:54
GD,Kyle,Blair,RNvnAvOpyEVAoNGnVZQU,TSLA,Tesla,s2-7385871s,1996.373346,29.0,2020-01-27 22:43:48
TV,Vanessa,Green,MUVGtYHdeMdauAxzEJvt,AMZN,Amazon,q4-7606630v,2119.6683400895,267.0,2020-01-22 13:47:51
KZ,Vicki,Burgess,deTclcaRrihIYAUADJPN,AMZN,Amazon,C7-0894722J,1809.0,156.0,2020-03-19 05:12:18
SZ,Blake,Martin,WVcMKILUHtBkEahrPLrG,TSLA,Tesla,z6-165627D,2056.450416881,266.0,2020-07-20 16:45:22
TN,Tony,Hoffman,vHakrmHtTDvuKvIcxniB,AMZN,Amazon,Z0-494338r,1901.210337,77.0,2020-02-21 14:13:00
,,,,FB,Facebook,Y8-8563393W,1872.89394172031,,2020-07-30 15:09:55
KP,Tonya,Hernandez,wsdSKUxJgukcXlhktChZ,AMZN,Amazon,E1-9534106n,1748.324,243.0,2020-01-23 09:20:44
LC,Erin,Grant,HToYfSueoxPSgBHsToac,,,S5-2258729R,1570.2703,98.0,2020-03-03 14:48:49
RO,Lisa,Brown,kBFQzPuESPIajAndSXpv,TSLA,Tesla,s0-925148L,1865.205,222.0,2020-05-24 12:37:04
JP,Christine,Baldwin,vDAqsRnDaMrcomXsosXG,AMZN,Amazon,Z7-6964807u,1837.6,21.0,2020-05-16 08:02:34
UZ,Brandi,Robbins,JTzVqzzIkFlrYUQbhnOR,FB,Facebook,,2387.0,106.0,
BT,Allison,Davis,TzqyQTQjZGeLZuJqlLaQ,AMZN,Amazon,g2-90716Y,1779.6378,148.0,2020-03-20 20:55:57
NG,Crystal,Garcia,goRcbvzSLJhZvFucyhbG,,,d7-493152U,1892.74,298.0,2020-01-16 15:42:32
CV,April,Floyd,stOzTFyGrgJGPgVPVTJQ,,,I2-8216944r,,141.0,
,,,,AMZN,Amazon,u1-8892578L,1628.71339507,36.0,2020-03-27 09:19:37
TV,Vanessa,Green,MUVGtYHdeMdauAxzEJvt,FB,Facebook,O4-4067121r,1825.0,295.0,2020-04-19 18:08:56
NZ,Caitlyn,Cruz,jDmYPxeqAWfCKCQCYFEx,FB,Facebook,Z8-8854594q,2356.446,,
,,,,TSLA,Tesla,i6-2083112T,1910.0,231.0,
,,,,,,V5-7089228y,1892.8827634,82.0,2020-03-02 09:17:25
JP,Christine,Baldwin,vDAqsRnDaMrcomXsosXG,FB,Facebook,G5-8233740b,2081.614,,2020-02-14 05:19:13
KP,Tonya,Hernandez,wsdSKUxJgukcXlhktChZ,TSLA,Tesla,j3-9348142b,2350.9852,141.0,
NG,Crystal,Garcia,goRcbvzSLJhZvFucyhbG,TSLA,Tesla,S9-7376880e,2151.0,42.0,2020-03-03 22:17:47
KM,John,Nguyen,JyfwFVYySnPCaLuQIazT,FB,Facebook,H2-7161645m,2151.84,164.0,2020-05-22 09:51:59
NG,Crystal,Garcia,goRcbvzSLJhZvFucyhbG,TSLA,Tesla,e6-5954454q,,29.0,2020-02-20 07:21:01
KM,John,Nguyen,JyfwFVYySnPCaLuQIazT,FB,Facebook,u0-436493F,2095.783621,84.0,2020-01-17 03:15:55
,,,,TSLA,Tesla,R0-9756377S,1763.142,90.0,2020-01-09 20:34:25
,,,,TSLA,Tesla,y4-5062077K,1582.5095,218.0,2020-02-05 06:13:59
KP,Tonya,Hernandez,wsdSKUxJgukcXlhktChZ,FB,Facebook,s0-1958547i,2268.7117,175.0,2020-04-20 23:30:48
UZ,Brandi,Robbins,JTzVqzzIkFlrYUQbhnOR,,,q1-8701136m,2009.0,171.0,2020-04-20 17:46:19
CV,April,Floyd,stOzTFyGrgJGPgVPVTJQ,TSLA,Tesla,I6-246415u,1790.830424,5.0,2020-06-22 22:39:46
KM,John,Nguyen,JyfwFVYySnPCaLuQIazT,AMZN,Amazon,i6-4809759j,2271.0,39.0,2020-07-09 03:21:06
BT,Allison,Davis,TzqyQTQjZGeLZuJqlLaQ,,,J0-8082194E,2259.787972,,2020-05-06 11:20:15
KM,John,Nguyen,JyfwFVYySnPCaLuQIazT,,,D5-9116344l,2449.38361,75.0,2020-03-01 02:51:11
TV,Vanessa,Green,MUVGtYHdeMdauAxzEJvt,AMZN,Amazon,A4-5444351m,2362.215,187.0,2020-05-29 14:18:48
,,,,AMZN,Amazon,G7-8207478j,1560.0,180.0,2020-02-14 14:46:29
NZ,Caitlyn,Cruz,jDmYPxeqAWfCKCQCYFEx,TSLA,Tesla,k8-0512899P,2217.6835,218.0,2020-07-23 18:13:00
LA,Brandon,Berry,xIZVPeFzGRmMglPrQfhK,AMZN,Amazon,K3-7827480N,1844.658189,12.0,
GT,Holly,Simmons,puCpymcjBdurvfVyRYry,TSLA,Tesla,Q8-0812209E,,185.0,2020-03-27 17:47:56
TV,Vanessa,Green,MUVGtYHdeMdauAxzEJvt,TSLA,Tesla,,1842.92885,32.0,2020-03-26 16:01:01
MK,Scott,Thompson,sjAcfZksMRViIYdJRrnF,FB,Facebook,s1-1695625a,1650.40962,292.0,2020-03-17 18:46:20
,,,,AMZN,Amazon,h6-8517398v,1760.5,299.0,2020-02-23 03:53:53
KZ,Vicki,Burgess,deTclcaRrihIYAUADJPN,FB,Facebook,k2-059372l,2154.35,179.0,2020-04-28 06:44:28
MK,Scott,Thompson,sjAcfZksMRViIYdJRrnF,AMZN,Amazon,F0-4606780P,2403.19,175.0,2020-02-29 21:32:35
,,,,TSLA,Tesla,s1-6072755w,1726.63857,74.0,2020-03-03 02:24:58
BT,Allison,Davis,TzqyQTQjZGeLZuJqlLaQ,AMZN,Amazon,,2422.982,235.0,2020-04-26 13:39:35
RU,Jordan,Walker,BJbHFDutYbbXjgkPWbwf,TSLA,Tesla,j4-9764191R,2141.2170673,55.0,2020-01-28 16:49:41
,,,,AMZN,Amazon,s4-3617433Z,2453.2,283.0,2020-03-19 13:02:28
GT,Holly,Simmons,puCpymcjBdurvfVyRYry,FB,Facebook,G5-0262021b,1509.0,229.0,2020-03-28 13:39:07
GD,Kyle,Blair,RNvnAvOpyEVAoNGnVZQU,FB,Facebook,e7-877223u,2461.86351,67.0,2020-03-12 22:39:28
KP,Tonya,Hernandez,wsdSKUxJgukcXlhktChZ,AMZN,Amazon,e6-408847I,2471.0,228.0,2020-06-01 19:10:12
NZ,Brittany,Herring,pjjFIyeNTWRUWCuKoQSU,AMZN,Amazon,i5-1701312v,1780.0,193.0,2020-04-16 11:33:33
LA,Brandon,Berry,xIZVPeFzGRmMglPrQfhK,FB,Facebook,r4-0068463O,1733.341,246.0,2020-04-30 00:44:20
SZ,Blake,Martin,WVcMKILUHtBkEahrPLrG,FB,Facebook,H2-2228983S,1768.7,285.0,2020-03-30 16:31:35
,,,,TSLA,Tesla,c5-0763974N,,158.0,2020-01-19 00:32:13
,,,,FB,Facebook,s4-5233936O,1930.5954,,2020-03-05 09:53:19
KM,John,Nguyen,JyfwFVYySnPCaLuQIazT,FB,Facebook,u7-5922680A,1689.149,,
,,,,AMZN,Amazon,Z9-062220k,1628.0,248.0,2020-02-26 09:16:30
RO,Lisa,Brown,kBFQzPuESPIajAndSXpv,,,c5-800319b,2364.8,108.0,2020-03-22 06:35:55
SZ,Blake,Martin,WVcMKILUHtBkEahrPLrG,FB,Facebook,O9-2261833K,2378.37974,216.0,2020-05-31 08:09:40
KM,John,Nguyen,JyfwFVYySnPCaLuQIazT,TSLA,Tesla,s9-5326860B,2220.0,161.0,2020-01-15 19:19:26
CV,April,Floyd,stOzTFyGrgJGPgVPVTJQ,TSLA,Tesla,D6-1263549I,1882.28,12.0,2020-07-01 07:58:48
KP,Tonya,Hernandez,wsdSKUxJgukcXlhktChZ,AMZN,Amazon,t6-6375744g,2402.0,249.0,2020-02-10 11:14:06
SZ,Blake,Martin,WVcMKILUHtBkEahrPLrG,AMZN,Amazon,,1722.1611,,2020-06-19 01:39:07
RU,Jordan,Walker,BJbHFDutYbbXjgkPWbwf,,,,1909.355303,209.0,2020-02-17 05:03:00
NG,Crystal,Garcia,goRcbvzSLJhZvFucyhbG,AMZN,Amazon,R7-6916469p,,75.0,2020-01-22 15:51:03
LA,Brandon,Berry,xIZVPeFzGRmMglPrQfhK,TSLA,Tesla,F5-8094519H,2186.1,150.0,2020-05-28 10:40:58
,,,,TSLA,Tesla,T4-0957775p,1669.0,,2020-06-15 00:42:28
SZ,Blake,Martin,WVcMKILUHtBkEahrPLrG,FB,Facebook,L1-8026402O,1868.812266288,160.0,2020-04-08 13:49:31
LC,Erin,Grant,HToYfSueoxPSgBHsToac,FB,Facebook,L6-661439X,1639.0,109.0,2020-02-21 18:01:23
KM,John,Nguyen,JyfwFVYySnPCaLuQIazT,,,v2-2579898D,1954.36,56.0,2020-02-11 18:36:44
,,,,FB,Facebook,,1818.539,100.0,2020-07-04 08:08:48
,,,,AMZN,Amazon,h8-1559669s,,65.0,2020-02-25 06:09:45
BT,Allison,Davis,TzqyQTQjZGeLZuJqlLaQ,AMZN,Amazon,T7-8035859X,,211.0,2020-03-03 15:57:45
RO,Lisa,Brown,kBFQzPuESPIajAndSXpv,AMZN,Amazon,G9-5464221l,2481.8653726072,20.0,2020-06-20 20:27:36
,,,,AMZN,Amazon,t6-0644769J,1526.56,251.0,2020-06-30 19:07:28
,,,,FB,Facebook,s2-2193410w,2414.6,173.0,2020-04-20 01:20:47
KM,John,Nguyen,JyfwFVYySnPCaLuQIazT,FB,Facebook,H9-671511B,2285.84,137.0,2020-01-29 05:44:56
KZ,Vicki,Burgess,deTclcaRrihIYAUADJPN,TSLA,Tesla,i6-8821275X,2188.7328977,169.0,2020-05-13 04:43:40
BT,Allison,Davis,TzqyQTQjZGeLZuJqlLaQ,,,Q3-0823399k,1630.9695,247.0,2020-06-11 07:29:20
LC,Erin,Grant,HToYfSueoxPSgBHsToac,FB,Facebook,O4-5165848N,1588.5930586,54.0,2020-05-14 09:28:49
NZ,Brittany,Herring,pjjFIyeNTWRUWCuKoQSU,TSLA,Tesla,,2343.553,1.0,2020-03-18 17:23:26
,,,,FB,Facebook,K5-8584288k,1984.7568053,15.0,2020-05-22 14:03:07
UZ,Brandi,Robbins,JTzVqzzIkFlrYUQbhnOR,AMZN,Amazon,,2448.331907523,190.0,2020-05-19 13:15:39
LC,Erin,Grant,HToYfSueoxPSgBHsToac,FB,Facebook,s8-4366162V,1608.1,142.0,2020-06-13 00:23:20
,,,,AMZN,Amazon,J4-6617721G,2204.0,215.0,2020-07-07 08:25:13
,,,,TSLA,Tesla,f0-9982523j,2411.9,296.0,2020-03-26 14:41:02
KM,John,Nguyen,JyfwFVYySnPCaLuQIazT,TSLA,Tesla,J9-8143357M,2447.0,118.0,2020-06-30 18:15:16
LA,Brandon,Berry,xIZVPeFzGRmMglPrQfhK,TSLA,Tesla,U1-0012762y,2314.725565367167,198.0,2020-05-27 19:21:53
NG,Crystal,Garcia,goRcbvzSLJhZvFucyhbG,FB,Facebook,K1-7597875u,2199.44421081,112.0,2020-06-08 19:14:00
NZ,Caitlyn,Cruz,jDmYPxeqAWfCKCQCYFEx,TSLA,Tesla,R3-2887971Z,1843.30740612258,295.0,2020-06-07 16:17:37
,,,,FB,Facebook,T8-2021276X,1673.101536,34.0,2020-03-19 03:11:08
,,,,FB,Facebook,n9-3768472A,1966.12,300.0,2020-03-02 05:50:53
KM,John,Nguyen,JyfwFVYySnPCaLuQIazT,FB,Facebook,c6-2799624i,1840.0,50.0,
NZ,Brittany,Herring,pjjFIyeNTWRUWCuKoQSU,FB,Facebook,,1806.0,139.0,2020-06-07 10:46:25
KZ,Vicki,Burgess,deTclcaRrihIYAUADJPN,AMZN,Amazon,m1-9656144Z,2439.2,300.0,2020-03-31 03:48:33
UZ,Brandi,Robbins,JTzVqzzIkFlrYUQbhnOR,TSLA,Tesla,R7-9147463c,2454.27178,8.0,2020-04-06 23:10:51
MK,Scott,Thompson,sjAcfZksMRViIYdJRrnF,FB,Facebook,l6-7428032J,2229.9344495,,
SZ,Blake,Martin,WVcMKILUHtBkEahrPLrG,FB,Facebook,d4-9275969k,2147.6553,202.0,2020-03-21 17:39:51
TN,Tony,Hoffman,vHakrmHtTDvuKvIcxniB,FB,Facebook,e6-9681122E,1804.0,149.0,
RU,Jordan,Walker,BJbHFDutYbbXjgkPWbwf,FB,Facebook,Q1-4257901o,1891.4728,191.0,2020-05-04 08:38:15
SZ,Blake,Martin,WVcMKILUHtBkEahrPLrG,FB,Facebook,k0-2982271Q,1959.3,207.0,2020-01-10 23:24:29
,,,,TSLA,Tesla,W8-971541z,1521.4001099,94.0,2020-01-28 23:27:33
GD,Kyle,Blair,RNvnAvOpyEVAoNGnVZQU,TSLA,Tesla,,1612.0,184.0,2020-06-20 07:03:49
KP,Tonya,Hernandez,wsdSKUxJgukcXlhktChZ,FB,Facebook,,1646.313006,192.0,2020-07-04 21:40:30
MK,Scott,Thompson,sjAcfZksMRViIYdJRrnF,FB,Facebook,,2336.1,298.0,
,,,,TSLA,Tesla,l5-1039167w,1979.4,63.0,2020-02-14 14:30:23
MK,Scott,Thompson,sjAcfZksMRViIYdJRrnF,AMZN,Amazon,X3-0755103r,1938.4,,2020-05-17 11:32:52
MK,Scott,Thompson,sjAcfZksMRViIYdJRrnF,,,v1-1498339v,1765.6,286.0,2020-01-23 12:51:17
NZ,Brittany,Herring,pjjFIyeNTWRUWCuKoQSU,TSLA,Tesla,M2-3436021y,1819.77494845,217.0,2020-04-26 18:45:36
,,,,AMZN,Amazon,g5-4697882Q,,170.0,2020-03-27 03:53:25
RO,Lisa,Brown,kBFQzPuESPIajAndSXpv,AMZN,Amazon,I5-8731957z,1947.3,132.0,
NZ,Brittany,Herring,pjjFIyeNTWRUWCuKoQSU,AMZN,Amazon,Y5-6456126O,2182.7,171.0,2020-03-18 21:07:36
UZ,Brandi,Robbins,JTzVqzzIkFlrYUQbhnOR,FB,Facebook,i7-4174638g,,48.0,2020-04-01 20:55:05
,,,,TSLA,Tesla,f2-5733990V,1599.72,91.0,
TV,Vanessa,Green,MUVGtYHdeMdauAxzEJvt,,,R7-8796289y,1757.99,227.0,2020-02-09 08:39:44
UZ,Brandi,Robbins,JTzVqzzIkFlrYUQbhnOR,AMZN,Amazon,m6-8473615R,1783.0,122.0,2020-04-21 00:50:16
LC,Erin,Grant,HToYfSueoxPSgBHsToac,,,u0-1758485R,1504.3,97.0,2020-07-31 22:32:38
UZ,Brandi,Robbins,JTzVqzzIkFlrYUQbhnOR,AMZN,Amazon,e0-9063725B,2205.341414294,50.0,2020-01-12 09:59:01
MK,Scott,Thompson,sjAcfZksMRViIYdJRrnF,TSLA,Tesla,P5-2123281U,1772.0,229.0,2020-02-04 14:36:31
JP,Christine,Baldwin,vDAqsRnDaMrcomXsosXG,AMZN,Amazon,B3-0065966b,1674.4,,2020-01-28 14:21:36
,,,,TSLA,Tesla,M9-9312124h,1737.9,,2020-02-28 08:19:10
LC,Erin,Grant,HToYfSueoxPSgBHsToac,TSLA,Tesla,B8-9613239a,,84.0,2020-05-05 08:38:40
KM,John,Nguyen,JyfwFVYySnPCaLuQIazT,,,w6-6703838o,2347.4,1.0,2020-06-08 02:10:20
TN,Tony,Hoffman,vHakrmHtTDvuKvIcxniB,AMZN,Amazon,E0-9406246W,,94.0,2020-02-13 15:15:02
LA,Brandon,Berry,xIZVPeFzGRmMglPrQfhK,AMZN,Amazon,e7-2986020v,1501.0,182.0,2020-06-21 14:49:41
NG,Crystal,Garcia,goRcbvzSLJhZvFucyhbG,,,G1-4021691T,2242.0,28.0,2020-04-04 18:14:03
UZ,Brandi,Robbins,JTzVqzzIkFlrYUQbhnOR,TSLA,Tesla,v3-9532226y,1593.0,156.0,
,,,,TSLA,Tesla,A8-1718198h,1864.96084845,120.0,2020-07-05 13:16:09
,,,,AMZN,Amazon,g2-7857334E,1663.0,82.0,2020-01-23 14:23:54
KM,John,Nguyen,JyfwFVYySnPCaLuQIazT,TSLA,Tesla,Q1-9854168y,1964.0,42.0,2020-03-12 16:52:44
,,,,FB,Facebook,,2042.0,275.0,2020-07-25 14:03:36
,,,,TSLA,Tesla,b3-5763826D,2004.19667,167.0,2020-05-01 23:03:26
KP,Tonya,Hernandez,wsdSKUxJgukcXlhktChZ,AMZN,Amazon,m6-73698J,2020.91874994,245.0,2020-03-18 02:20:29
RU,Jordan,Walker,BJbHFDutYbbXjgkPWbwf,AMZN,Amazon,s2-3747818E,2088.21,41.0,2020-04-13 20:43:38
KP,Tonya,Hernandez,wsdSKUxJgukcXlhktChZ,FB,Facebook,p2-8137965M,1664.657646097,292.0,2020-04-05 17:24:38
KZ,Vicki,Burgess,deTclcaRrihIYAUADJPN,,,b1-0258483O,2156.80792,299.0,2020-01-17 02:35:04
KZ,Vicki,Burgess,deTclcaRrihIYAUADJPN,AMZN,Amazon,z7-6362627X,1797.216734,166.0,2020-05-29 19:28:00
NG,Crystal,Garcia,goRcbvzSLJhZvFucyhbG,TSLA,Tesla,L0-5832744z,2099.437174,15.0,2020-06-29 12:57:38
,,,,FB,Facebook,,,20.0,2020-01-17 16:27:29
KZ,Vicki,Burgess,deTclcaRrihIYAUADJPN,FB,Facebook,h8-9963001H,2460.29433,165.0,2020-02-18 18:16:20
NZ,Caitlyn,Cruz,jDmYPxeqAWfCKCQCYFEx,AMZN,Amazon,b9-3978084Q,1587.1,58.0,2020-01-28 22:56:10
MK,Scott,Thompson,sjAcfZksMRViIYdJRrnF,AMZN,Amazon,c5-8307991M,1987.8625,52.0,2020-05-12 03:23:44
CV,April,Floyd,stOzTFyGrgJGPgVPVTJQ,FB,Facebook,S7-9312198p,,212.0,2020-02-11 09:17:50
UZ,Brandi,Robbins,JTzVqzzIkFlrYUQbhnOR,TSLA,Tesla,i4-5738449B,1844.42504,245.0,2020-07-18 06:18:58
GT,Holly,Simmons,puCpymcjBdurvfVyRYry,FB,Facebook,R7-6759131w,2280.9413,194.0,2020-05-30 03:00:00
JP,Christine,Baldwin,vDAqsRnDaMrcomXsosXG,TSLA,Tesla,X2-3127677e,1562.0,295.0,
GD,Kyle,Blair,RNvnAvOpyEVAoNGnVZQU,AMZN,Amazon,b8-3506456D,2347.23,178.0,2020-07-17 18:15:46
GD,Kyle,Blair,RNvnAvOpyEVAoNGnVZQU,AMZN,Amazon,C6-9963396f,2261.0,141.0,2020-06-05 06:00:48
BT,Allison,Davis,TzqyQTQjZGeLZuJqlLaQ,FB,Facebook,t2-87467Q,1597.0,293.0,2020-06-04 20:43:56
TN,Tony,Hoffman,vHakrmHtTDvuKvIcxniB,FB,Facebook,k1-9708801e,1947.4196,290.0,2020-04-13 13:47:24
UZ,Brandi,Robbins,JTzVqzzIkFlrYUQbhnOR,TSLA,Tesla,Y1-0395898t,2122.4383383,18.0,2020-04-20 07:14:37
BT,Allison,Davis,TzqyQTQjZGeLZuJqlLaQ,AMZN,Amazon,n8-527456L,1632.32927102093,123.0,
GT,Holly,Simmons,puCpymcjBdurvfVyRYry,TSLA,Tesla,M4-3669724C,1634.740875,138.0,2020-06-01 13:10:07
KM,John,Nguyen,JyfwFVYySnPCaLuQIazT,FB,Facebook,i9-4105566o,2262.77,100.0,2020-03-22 22:21:17
,,,,AMZN,Amazon,w7-1879571K,1578.0,280.0,2020-01-08 21:02:12
JP,Christine,Baldwin,vDAqsRnDaMrcomXsosXG,AMZN,Amazon,I0-1696316U,1984.0,0.0,2020-07-15 23:43:32
LC,Erin,Grant,HToYfSueoxPSgBHsToac,FB,Facebook,m2-0162188W,,265.0,2020-02-27 08:53:14
,,,,TSLA,Tesla,t6-1544456q,2379.0,253.0,2020-06-06 06:24:01
,,,,AMZN,Amazon,A8-8053105V,1968.0,2.0,2020-04-18 08:43:51
UZ,Brandi,Robbins,JTzVqzzIkFlrYUQbhnOR,TSLA,Tesla,h7-045228k,1615.39,258.0,2020-04-30 21:56:36
CV,April,Floyd,stOzTFyGrgJGPgVPVTJQ,AMZN,Amazon,D8-6141627N,2421.0,14.0,2020-07-28 02:31:42
LA,Brandon,Berry,xIZVPeFzGRmMglPrQfhK,FB,Facebook,B9-2708531e,2344.957333,2.0,2020-04-22 22:14:49
SZ,Blake,Martin,WVcMKILUHtBkEahrPLrG,AMZN,Amazon,K1-8323660w,2302.96,38.0,2020-02-26 17:39:50
CV,April,Floyd,stOzTFyGrgJGPgVPVTJQ,,,,,90.0,2020-06-03 05:42:05
KP,Tonya,Hernandez,wsdSKUxJgukcXlhktChZ,AMZN,Amazon,i3-9753770z,1540.8,185.0,2020-07-23 08:14:54
,,,,TSLA,Tesla,Z3-3755710J,2015.0,235.0,2020-02-01 17:46:07
LA,Brandon,Berry,xIZVPeFzGRmMglPrQfhK,TSLA,Tesla,T0-1544535J,1874.507,253.0,2020-01-28 19:19:31
,,,,TSLA,Tesla,P1-9045296c,1591.0,,2020-05-29 23:37:56
LA,Brandon,Berry,xIZVPeFzGRmMglPrQfhK,AMZN,Amazon,s4-3882727T,2221.25609036246,283.0,2020-07-07 00:58:19
NZ,Brittany,Herring,pjjFIyeNTWRUWCuKoQSU,,,g6-8867357f,1711.9386,48.0,2020-04-28 08:41:41
SZ,Blake,Martin,WVcMKILUHtBkEahrPLrG,FB,Facebook,G5-2439725D,2229.78,206.0,2020-03-30 16:16:19
,,,,AMZN,Amazon,T0-0414697c,1738.83625959262,81.0,2020-02-15 09:19:14
UZ,Brandi,Robbins,JTzVqzzIkFlrYUQbhnOR,,,S8-4035130u,1861.2581,281.0,2020-06-28 10:49:44
,,,,AMZN,Amazon,,1804.89,,2020-03-11 02:05:53
,,,,,,v4-9068464i,1883.0,236.0,2020-07-29 23:31:54
CV,April,Floyd,stOzTFyGrgJGPgVPVTJQ,AMZN,Amazon,U4-5879542o,,95.0,2020-03-01 20:03:52
LC,Erin,Grant,HToYfSueoxPSgBHsToac,FB,Facebook,m5-2802013B,2220.0,188.0,2020-03-08 19:49:36
CV,April,Floyd,stOzTFyGrgJGPgVPVTJQ,TSLA,Tesla,f0-3147820y,1914.36,238.0,2020-05-20 01:31:00
LA,Brandon,Berry,xIZVPeFzGRmMglPrQfhK,FB,Facebook,v7-0582992i,1672.0,83.0,2020-05-15 17:02:39
GT,Holly,Simmons,puCpymcjBdurvfVyRYry,,,w7-4468639p,2419.87491,33.0,2020-01-15 01:05:45
NZ,Brittany,Herring,pjjFIyeNTWRUWCuKoQSU,FB,Facebook,h8-533956k,,236.0,2020-07-15 22:12:40
MK,Scott,Thompson,sjAcfZksMRViIYdJRrnF,AMZN,Amazon,C2-2844928Y,1535.38047,14.0,2020-07-10 00:54:55
,,,,FB,Facebook,g6-2382969o,1638.760868,238.0,2020-03-19 14:34:56
SZ,Blake,Martin,WVcMKILUHtBkEahrPLrG,AMZN,Amazon,P2-3849525R,2075.3,196.0,
KP,Tonya,Hernandez,wsdSKUxJgukcXlhktChZ,TSLA,Tesla,i7-306344U,2455.7108849,40.0,2020-02-03 14:02:48
NZ,Caitlyn,Cruz,jDmYPxeqAWfCKCQCYFEx,AMZN,Amazon,z3-6888282y,1631.24294359,26.0,
KM,John,Nguyen,JyfwFVYySnPCaLuQIazT,AMZN,Amazon,Y8-0102077f,2037.9,236.0,2020-03-14 20:08:37
GD,Kyle,Blair,RNvnAvOpyEVAoNGnVZQU,AMZN,Amazon,Y6-7463981V,,298.0,2020-03-30 15:29:40
NG,Crystal,Garcia,goRcbvzSLJhZvFucyhbG,AMZN,Amazon,M1-2936492q,2231.0,42.0,2020-06-15 23:18:52
MK,Scott,Thompson,sjAcfZksMRViIYdJRrnF,FB,Facebook,m0-817742W,1912.0,57.0,2020-03-03 14:02:36
KZ,Vicki,Burgess,deTclcaRrihIYAUADJPN,AMZN,Amazon,h8-4092203M,2351.3564230526476,292.0,2020-07-15 03:02:18
TV,Vanessa,Green,MUVGtYHdeMdauAxzEJvt,FB,Facebook,b4-8425865x,1891.3457,78.0,2020-01-17 07:05:49
NZ,Brittany,Herring,pjjFIyeNTWRUWCuKoQSU,AMZN,Amazon,w6-5743270M,2297.0,225.0,2020-06-08 23:09:53
,,,,AMZN,Amazon,u5-5967789s,1627.4269,80.0,2020-03-08 21:08:06
TV,Vanessa,Green,MUVGtYHdeMdauAxzEJvt,TSLA,Tesla,j8-4936574S,2347.0,290.0,2020-03-29 03:23:16
NZ,Brittany,Herring,pjjFIyeNTWRUWCuKoQSU,TSLA,Tesla,Q8-2823545q,1996.0,,2020-07-27 14:39:01
NZ,Brittany,Herring,pjjFIyeNTWRUWCuKoQSU,AMZN,Amazon,n8-8758476W,2209.0,17.0,2020-02-02 17:38:52
LA,Brandon,Berry,xIZVPeFzGRmMglPrQfhK,,,x8-0344942D,2174.7948,63.0,2020-06-06 21:15:46
GD,Kyle,Blair,RNvnAvOpyEVAoNGnVZQU,TSLA,Tesla,Y3-9141126b,2102.685,22.0,2020-01-28 05:25:58
TV,Vanessa,Green,MUVGtYHdeMdauAxzEJvt,TSLA,Tesla,F2-92517n,1584.0,221.0,2020-01-15 05:27:57
GD,Kyle,Blair,RNvnAvOpyEVAoNGnVZQU,FB,Facebook,R0-0924385a,1712.1,191.0,2020-03-11 09:56:14
LC,Erin,Grant,HToYfSueoxPSgBHsToac,,,e6-7555085p,,175.0,2020-07-20 19:49:25
NZ,Caitlyn,Cruz,jDmYPxeqAWfCKCQCYFEx,TSLA,Tesla,,1842.819,62.0,2020-07-11 08:08:06
NZ,Brittany,Herring,pjjFIyeNTWRUWCuKoQSU,FB,Facebook,E1-0207076Y,2060.201609,190.0,2020-05-03 03:04:08
GD,Kyle,Blair,RNvnAvOpyEVAoNGnVZQU,TSLA,Tesla,,2345.74304,212.0,2020-04-27 15:56:47
RU,Jordan,Walker,BJbHFDutYbbXjgkPWbwf,AMZN,Amazon,j3-6354465w,2354.288448,254.0,2020-07-10 08:10:02
,,,,TSLA,Tesla,v2-9982929F,1501.201,52.0,2020-02-20 06:57:53
SZ,Blake,Martin,WVcMKILUHtBkEahrPLrG,FB,Facebook,H0-6903714a,2123.8457,,2020-01-11 17:41:04
,,,,AMZN,Amazon,G1-6452220G,1996.9,30.0,2020-01-15 03:13:18
MK,Scott,Thompson,sjAcfZksMRViIYdJRrnF,AMZN,Amazon,Y0-5253097T,1677.29947,,2020-03-22 02:52:55
,,,,FB,Facebook,,,98.0,2020-05-18 20:35:12
NZ,Brittany,Herring,pjjFIyeNTWRUWCuKoQSU,AMZN,Amazon,U7-9544495F,1579.0,63.0,2020-01-27 06:47:28
BT,Allison,Davis,TzqyQTQjZGeLZuJqlLaQ,FB,Facebook,D2-1841276D,1573.3,90.0,2020-03-15 10:11:12
GD,Kyle,Blair,RNvnAvOpyEVAoNGnVZQU,FB,Facebook,W7-6296628M,1780.7237,234.0,2020-07-27 07:04:32
JP,Christine,Baldwin,vDAqsRnDaMrcomXsosXG,TSLA,Tesla,M1-9122070R,2148.64,5.0,2020-06-28 04:56:58
RU,Jordan,Walker,BJbHFDutYbbXjgkPWbwf,TSLA,Tesla,O1-6447901s,1987.6851,252.0,2020-02-03 04:00:55
UZ,Brandi,Robbins,JTzVqzzIkFlrYUQbhnOR,FB,Facebook,F8-1005827G,,213.0,2020-07-25 18:33:08
TN,Tony,Hoffman,vHakrmHtTDvuKvIcxniB,TSLA,Tesla,q6-6702269h,2323.88822,276.0,2020-05-09 01:45:38
,,,,FB,Facebook,k6-9302300f,2175.5,69.0,2020-05-08 14:56:10
SZ,Blake,Martin,WVcMKILUHtBkEahrPLrG,,,M9-628452d,1520.4,8.0,2020-07-18 03:12:57
BT,Allison,Davis,TzqyQTQjZGeLZuJqlLaQ,TSLA,Tesla,T6-8074869A,2384.4439669787,71.0,2020-05-23 13:49:59
RO,Lisa,Brown,kBFQzPuESPIajAndSXpv,FB,Facebook,R2-3922382J,1983.0,206.0,2020-05-17 08:23:37
RU,Jordan,Walker,BJbHFDutYbbXjgkPWbwf,,,u4-4439446E,1750.0,56.0,2020-04-20 01:58:19
NZ,Caitlyn,Cruz,jDmYPxeqAWfCKCQCYFEx,TSLA,Tesla,H0-810147O,2110.644916,63.0,2020-05-27 11:50:26
,,,,TSLA,Tesla,X2-8212531X,2203.7184,259.0,2020-06-24 12:45:34
RU,Jordan,Walker,BJbHFDutYbbXjgkPWbwf,AMZN,Amazon,N5-259105V,1640.3,273.0,2020-03-24 20:49:47
LA,Brandon,Berry,xIZVPeFzGRmMglPrQfhK,FB,Facebook,J3-4751411x,,117.0,2020-06-23 00:04:27
JP,Christine,Baldwin,vDAqsRnDaMrcomXsosXG,AMZN,Amazon,,2217.15,126.0,2020-01-18 03:41:14
JP,Christine,Baldwin,vDAqsRnDaMrcomXsosXG,AMZN,Amazon,w8-1157709I,1642.1,12.0,2020-05-14 10:02:41
RU,Jordan,Walker,BJbHFDutYbbXjgkPWbwf,AMZN,Amazon,d7-8686607I,1981.5791662,58.0,2020-05-26 11:37:09
TV,Vanessa,Green,MUVGtYHdeMdauAxzEJvt,TSLA,Tesla,T6-8523593j,1647.0,42.0,2020-06-15 08:47:03
LA,Brandon,Berry,xIZVPeFzGRmMglPrQfhK,TSLA,Tesla,I0-6912345j,1544.937,20.0,2020-02-11 07:52:35
GT,Holly,Simmons,puCpymcjBdurvfVyRYry,,,u9-4578591r,,167.0,2020-03-21 23:19:13
,,,,AMZN,Amazon,m9-7855229V,2377.3071,97.0,
,,,,TSLA,Tesla,a6-5588227c,1948.0,186.0,2020-02-25 08:42:49
RO,Lisa,Brown,kBFQzPuESPIajAndSXpv,TSLA,Tesla,N7-1569410e,1608.673490407,58.0,2020-07-10 16:44:15
LA,Brandon,Berry,xIZVPeFzGRmMglPrQfhK,FB,Facebook,Y0-8813995I,,161.0,2020-06-28 08:32:31
BT,Allison,Davis,TzqyQTQjZGeLZuJqlLaQ,AMZN,Amazon,o0-5259337w,1776.33,65.0,2020-05-01 17:34:26
NZ,Caitlyn,Cruz,jDmYPxeqAWfCKCQCYFEx,TSLA,Tesla,,1885.46166,,2020-05-21 23:33:51
SZ,Blake,Martin,WVcMKILUHtBkEahrPLrG,AMZN,Amazon,M6-0377915W,1697.8,162.0,2020-03-13 10:57:36
KZ,Vicki,Burgess,deTclcaRrihIYAUADJPN,FB,Facebook,I2-0785640R,2177.0,114.0,2020-01-19 19:22:27
,,,,FB,Facebook,V4-9732701y,1548.0,25.0,2020-04-04 15:06:16
TV,Vanessa,Green,MUVGtYHdeMdauAxzEJvt,AMZN,Amazon,q9-2977442N,2491.20498,268.0,2020-04-25 20:22:09
LC,Erin,Grant,HToYfSueoxPSgBHsToac,FB,Facebook,u9-2865370B,,278.0,2020-05-15 08:09:49
SZ,Blake,Martin,WVcMKILUHtBkEahrPLrG,FB,Facebook,Y4-3346039y,2096.62131,250.0,2020-02-05 19:33:33
UZ,Brandi,Robbins,JTzVqzzIkFlrYUQbhnOR,TSLA,Tesla,,2433.0,51.0,2020-06-30 12:06:48
,,,,TSLA,Tesla,r5-7398789L,2304.0,,2020-02-27 12:45:23
,,,,FB,Facebook,,1677.0,296.0,2020-06-20 01:16:06
,,,,FB,Facebook,i3-2482399u,2127.0,67.0,
,,,,TSLA,Tesla,,2448.51368825996,167.0,2020-07-19 05:38:52
LA,Brandon,Berry,xIZVPeFzGRmMglPrQfhK,TSLA,Tesla,F7-7329772h,1875.734573342,244.0,2020-02-09 15:12:40
KP,Tonya,Hernandez,wsdSKUxJgukcXlhktChZ,AMZN,Amazon,p1-8739916p,2223.43893369,78.0,2020-03-20 09:36:07
RU,Jordan,Walker,BJbHFDutYbbXjgkPWbwf,AMZN,Amazon,M3-5654479G,2238.8,259.0,2020-01-31 23:05:30
TV,Vanessa,Green,MUVGtYHdeMdauAxzEJvt,TSLA,Tesla,x3-928709m,,91.0,2020-07-22 08:00:36
,,,,AMZN,Amazon,S4-7654109G,1518.8401,249.0,2020-03-12 14:15:47
LC,Erin,Grant,HToYfSueoxPSgBHsToac,FB,Facebook,N1-0526313d,2227.6827,177.0,2020-02-02 05:27:12
LA,Brandon,Berry,xIZVPeFzGRmMglPrQfhK,TSLA,Tesla,t4-8679155C,2137.4,69.0,2020-04-18 15:58:03
NZ,Caitlyn,Cruz,jDmYPxeqAWfCKCQCYFEx,TSLA,Tesla,S1-1801469U,,,2020-06-05 17:29:24
MK,Scott,Thompson,sjAcfZksMRViIYdJRrnF,FB,Facebook,m5-9199544G,2497.882,22.0,2020-03-26 14:11:58
KP,Tonya,Hernandez,wsdSKUxJgukcXlhktChZ,FB,Facebook,T1-419675Y,,87.0,2020-07-19 02:40:08
GD,Kyle,Blair,RNvnAvOpyEVAoNGnVZQU,TSLA,Tesla,o9-9832103X,,142.0,2020-07-27 06:33:12
NZ,Brittany,Herring,pjjFIyeNTWRUWCuKoQSU,FB,Facebook,T9-3222600l,1852.8,177.0,2020-02-06 18:02:50
BT,Allison,Davis,TzqyQTQjZGeLZuJqlLaQ,TSLA,Tesla,k4-2944225F,1838.87045,173.0,2020-05-11 15:15:25
LA,Brandon,Berry,xIZVPeFzGRmMglPrQfhK,FB,Facebook,a6-2392233Q,1799.858478,,2020-02-22 23:01:29
UZ,Brandi,Robbins,JTzVqzzIkFlrYUQbhnOR,FB,Facebook,U7-2418811Q,2048.3005663813,125.0,2020-01-08 18:15:04
,,,,AMZN,Amazon,Q9-3024575Y,,136.0,2020-03-09 05:29:10
JP,Christine,Baldwin,vDAqsRnDaMrcomXsosXG,TSLA,Tesla,z0-6229461R,1849.7,299.0,2020-03-05 08:29:23
GT,Holly,Simmons,puCpymcjBdurvfVyRYry,TSLA,Tesla,q5-327672G,2414.0,211.0,2020-01-11 15:46:16
GD,Kyle,Blair,RNvnAvOpyEVAoNGnVZQU,TSLA,Tesla,z4-3157251o,1585.26847,147.0,2020-02-24 05:23:12
,,,,AMZN,Amazon,C9-4345777I,,162.0,2020-03-05 00:00:22
KM,John,Nguyen,JyfwFVYySnPCaLuQIazT,AMZN,Amazon,A6-1911072l,1621.34,,2020-03-17 22:26:03
,,,,AMZN,Amazon,U7-2642268T,1516.45743334,8.0,2020-04-28 03:20:31
NG,Crystal,Garcia,goRcbvzSLJhZvFucyhbG,TSLA,Tesla,Y2-1478784m,1657.0,243.0,2020-03-18 06:12:22
KP,Tonya,Hernandez,wsdSKUxJgukcXlhktChZ,,,C0-5666163G,2112.3,150.0,2020-03-29 17:31:57
,,,,FB,Facebook,x2-0498865K,1770.52,77.0,2020-01-21 09:34:40
BT,Allison,Davis,TzqyQTQjZGeLZuJqlLaQ,TSLA,Tesla,Z3-7369428A,2345.370889052,132.0,2020-03-15 06:59:53
MK,Scott,Thompson,sjAcfZksMRViIYdJRrnF,FB,Facebook,M6-1871598I,2403.4399,99.0,2020-05-11 08:10:25
KM,John,Nguyen,JyfwFVYySnPCaLuQIazT,FB,Facebook,F3-3312751c,2441.0,8.0,2020-05-11 10:12:34
,,,,AMZN,Amazon,l8-3836659e,2416.637701,250.0,2020-06-13 18:01:46
RO,Lisa,Brown,kBFQzPuESPIajAndSXpv,TSLA,Tesla,,1897.25805605,157.0,2020-07-22 09:30:47
KZ,Vicki,Burgess,deTclcaRrihIYAUADJPN,TSLA,Tesla,k1-8291488m,1798.2126445,243.0,2020-07-24 08:06:36
RU,Jordan,Walker,BJbHFDutYbbXjgkPWbwf,FB,Facebook,S9-6969450H,1722.0,4.0,2020-03-14 01:57:37
,,,,FB,Facebook,r7-9054294R,2321.1,,2020-05-07 17:29:13
BT,Allison,Davis,TzqyQTQjZGeLZuJqlLaQ,TSLA,Tesla,A0-3733373S,,,2020-07-24 09:37:15
NG,Crystal,Garcia,goRcbvzSLJhZvFucyhbG,FB,Facebook,e2-3773474a,1573.43,,2020-04-28 06:02:19
MK,Scott,Thompson,sjAcfZksMRViIYdJRrnF,,,T4-6544523P,1635.54,51.0,2020-03-01 19:54:38
TV,Vanessa,Green,MUVGtYHdeMdauAxzEJvt,,,G1-7591452N,1717.1,189.0,2020-06-05 10:12:14
RO,Lisa,Brown,kBFQzPuESPIajAndSXpv,FB,Facebook,z2-6301447o,1697.223101849013,126.0,2020-06-30 22:54:56
TN,Tony,Hoffman,vHakrmHtTDvuKvIcxniB,,,q5-2182358H,2380.1,286.0,2020-02-20 04:26:19
SZ,Blake,Martin,WVcMKILUHtBkEahrPLrG,FB,Facebook,K3-3481238x,2173.4,122.0,2020-03-14 06:27:39
LA,Brandon,Berry,xIZVPeFzGRmMglPrQfhK,TSLA,Tesla,o0-2716207z,1700.64,199.0,
,,,,FB,Facebook,i3-9752540H,2314.1293,99.0,
GT,Holly,Simmons,puCpymcjBdurvfVyRYry,FB,Facebook,W6-4312434K,2218.853767087,197.0,2020-04-14 19:39:04
KP,Tonya,Hernandez,wsdSKUxJgukcXlhktChZ,AMZN,Amazon,p8-6202282C,,49.0,
,,,,FB,Facebook,,1743.72,90.0,2020-03-06 16:25:05
SZ,Blake,Martin,WVcMKILUHtBkEahrPLrG,FB,Facebook,,,130.0,2020-05-27 11:21:57
TV,Vanessa,Green,MUVGtYHdeMdauAxzEJvt,FB,Facebook,z1-5117703K,2343.97,51.0,2020-06-24 07:45:23
UZ,Brandi,Robbins,JTzVqzzIkFlrYUQbhnOR,FB,Facebook,Q0-9178526c,2365.328399965,144.0,2020-05-03 11:07:54
LC,Erin,Grant,HToYfSueoxPSgBHsToac,FB,Facebook,G8-6239598q,2424.3,86.0,2020-04-07 16:14:18
KM,John,Nguyen,JyfwFVYySnPCaLuQIazT,AMZN,Amazon,a8-2739521U,2164.93956607,286.0,2020-01-22 15:42:14
LA,Brandon,Berry,xIZVPeFzGRmMglPrQfhK,AMZN,Amazon,G9-2292351T,2299.9,68.0,2020-06-28 00:31:11
KM,John,Nguyen,JyfwFVYySnPCaLuQIazT,FB,Facebook,y4-1491112g,1853.9985,295.0,2020-06-05 01:36:47
MK,Scott,Thompson,sjAcfZksMRViIYdJRrnF,AMZN,Amazon,R6-0124226L,,233.0,2020-01-08 23:55:43
,,,,AMZN,Amazon,u5-5467397d,,211.0,2020-05-04 01:52:11
GD,Kyle,Blair,RNvnAvOpyEVAoNGnVZQU,TSLA,Tesla,L3-319363s,1911.0,196.0,2020-03-18 18:14:29
NZ,Caitlyn,Cruz,jDmYPxeqAWfCKCQCYFEx,FB,Facebook,N3-7504060H,2278.65,212.0,
NZ,Caitlyn,Cruz,jDmYPxeqAWfCKCQCYFEx,AMZN,Amazon,L8-8256894L,2007.1,118.0,2020-07-20 04:34:23
GT,Holly,Simmons,puCpymcjBdurvfVyRYry,FB,Facebook,H3-4178737y,1871.7917276,287.0,
,,,,AMZN,Amazon,h4-4154418p,1760.179,41.0,2020-02-09 14:02:34
,,,,FB,Facebook,G7-048430y,2455.0,47.0,2020-04-09 12:53:07
TN,Tony,Hoffman,vHakrmHtTDvuKvIcxniB,,,i9-9836944D,,219.0,2020-05-21 00:12:24
BT,Allison,Davis,TzqyQTQjZGeLZuJqlLaQ,TSLA,Tesla,z1-643123r,1573.0,163.0,2020-04-05 08:41:06
JP,Christine,Baldwin,vDAqsRnDaMrcomXsosXG,FB,Facebook,z8-6297714q,,157.0,2020-03-16 10:08:00
,,,,FB,Facebook,K0-3542817S,2345.8,255.0,2020-04-16 18:00:15
MK,Scott,Thompson,sjAcfZksMRViIYdJRrnF,FB,Facebook,G0-6451790Q,2370.0,212.0,2020-02-09 14:44:17
,,,,FB,Facebook,s6-2133154v,2298.1,210.0,2020-05-15 08:49:32
LC,Erin,Grant,HToYfSueoxPSgBHsToac,AMZN,Amazon,v2-5667739C,1550.5883942204,177.0,2020-03-11 16:35:08
LC,Erin,Grant,HToYfSueoxPSgBHsToac,AMZN,Amazon,e1-8729569g,1852.0,206.0,
TV,Vanessa,Green,MUVGtYHdeMdauAxzEJvt,FB,Facebook,H6-7368599S,1836.0,241.0,2020-02-06 21:38:32
,,,,,,p0-4921583A,1865.34751940837,203.0,2020-02-12 02:42:07
LA,Brandon,Berry,xIZVPeFzGRmMglPrQfhK,TSLA,Tesla,a8-5028631h,1908.0,127.0,2020-02-03 13:15:01
LA,Brandon,Berry,xIZVPeFzGRmMglPrQfhK,FB,Facebook,t5-7335559W,2098.2,16.0,
RU,Jordan,Walker,BJbHFDutYbbXjgkPWbwf,AMZN,Amazon,,2017.4,,2020-02-01 18:58:34
GT,Holly,Simmons,puCpymcjBdurvfVyRYry,TSLA,Tesla,u4-8279363D,1866.0,59.0,2020-03-29 02:25:54
UZ,Brandi,Robbins,JTzVqzzIkFlrYUQbhnOR,TSLA,Tesla,C1-5341691a,1613.0,144.0,2020-06-08 12:36:44
JP,Christine,Baldwin,vDAqsRnDaMrcomXsosXG,FB,Facebook,G4-1188208X,1821.3,164.0,2020-04-11 02:02:49
KP,Tonya,Hernandez,wsdSKUxJgukcXlhktChZ,TSLA,Tesla,i1-272998p,,268.0,2020-05-24 15:41:22
NG,Crystal,Garcia,goRcbvzSLJhZvFucyhbG,AMZN,Amazon,,1672.7181984,27.0,2020-02-15 15:08:16
GT,Holly,Simmons,puCpymcjBdurvfVyRYry,TSLA,Tesla,D2-7904224S,2066.8,160.0,2020-02-06 08:48:23
,,,,FB,Facebook,k1-416267h,1691.496,155.0,2020-07-23 18:48:43
RU,Jordan,Walker,BJbHFDutYbbXjgkPWbwf,TSLA,Tesla,,1984.7,167.0,2020-05-13 09:20:46
RU,Jordan,Walker,BJbHFDutYbbXjgkPWbwf,FB,Facebook,R7-9886288o,2450.47155,250.0,2020-05-12 02:33:12
BT,Allison,Davis,TzqyQTQjZGeLZuJqlLaQ,AMZN,Amazon,m0-9693056B,2193.823,,2020-06-18 12:37:00
KZ,Vicki,Burgess,deTclcaRrihIYAUADJPN,FB,Facebook,,1533.26,39.0,2020-06-04 04:43:35
SZ,Blake,Martin,WVcMKILUHtBkEahrPLrG,AMZN,Amazon,r5-7745682G,2221.5,294.0,2020-04-03 16:00:36
KM,John,Nguyen,JyfwFVYySnPCaLuQIazT,AMZN,Amazon,t3-7502683l,1906.8800267,64.0,2020-07-04 20:13:19
KZ,Vicki,Burgess,deTclcaRrihIYAUADJPN,TSLA,Tesla,L3-0174691R,2105.0,17.0,2020-01-22 22:52:01
RO,Lisa,Brown,kBFQzPuESPIajAndSXpv,TSLA,Tesla,g6-9582985m,,53.0,2020-02-01 19:27:24
TV,Vanessa,Green,MUVGtYHdeMdauAxzEJvt,FB,Facebook,k7-7508053A,1768.81,201.0,2020-02-04 16:43:01
UZ,Brandi,Robbins,JTzVqzzIkFlrYUQbhnOR,AMZN,Amazon,K7-2183342e,2096.2,127.0,2020-01-17 03:11:43
UZ,Brandi,Robbins,JTzVqzzIkFlrYUQbhnOR,TSLA,Tesla,w9-4319075z,2294.1,,2020-06-24 08:28:16
TN,Tony,Hoffman,vHakrmHtTDvuKvIcxniB,TSLA,Tesla,p5-0398921E,,1.0,2020-05-18 13:06:07
,,,,AMZN,Amazon,e8-4106862C,1859.80445,151.0,2020-02-21 10:41:51
,,,,TSLA,Tesla,z6-6346208P,2050.0,118.0,2020-04-25 00:44:04
BT,Allison,Davis,TzqyQTQjZGeLZuJqlLaQ,TSLA,Tesla,i0-6476562J,2094.66,159.0,2020-02-19 04:18:44
LA,Brandon,Berry,xIZVPeFzGRmMglPrQfhK,FB,Facebook,,,51.0,2020-02-03 20:30:00
,,,,FB,Facebook,C9-9477070z,1955.67,197.0,2020-03-01 19:04:34
JP,Christine,Baldwin,vDAqsRnDaMrcomXsosXG,AMZN,Amazon,w9-2504981A,2359.39339,214.0,2020-03-19 01:31:34
GT,Holly,Simmons,puCpymcjBdurvfVyRYry,TSLA,Tesla,t1-3537223t,1952.73755,141.0,2020-04-01 06:02:07
JP,Christine,Baldwin,vDAqsRnDaMrcomXsosXG,FB,Facebook,j2-7115551j,1895.58,32.0,2020-07-30 07:31:33
LC,Erin,Grant,HToYfSueoxPSgBHsToac,AMZN,Amazon,Z3-2089895c,2490.874938897012,7.0,2020-01-21 02:39:30
CV,April,Floyd,stOzTFyGrgJGPgVPVTJQ,TSLA,Tesla,,1680.3594829,115.0,2020-07-13 04:24:52
LC,Erin,Grant,HToYfSueoxPSgBHsToac,AMZN,Amazon,w6-2467164R,2221.1,147.0,2020-02-20 05:10:50
KP,Tonya,Hernandez,wsdSKUxJgukcXlhktChZ,AMZN,Amazon,I2-7218705c,1631.73,284.0,2020-03-23 08:37:43
TN,Tony,Hoffman,vHakrmHtTDvuKvIcxniB,TSLA,Tesla,b4-4467759U,2098.8,11.0,2020-03-23 01:51:42
,,,,AMZN,Amazon,l7-1044377v,1728.57,36.0,
,,,,,,,2149.3017704,261.0,2020-06-29 22:21:54
MK,Scott,Thompson,sjAcfZksMRViIYdJRrnF,AMZN,Amazon,T4-8367451O,2042.286281692,136.0,2020-04-09 17:54:44
SZ,Blake,Martin,WVcMKILUHtBkEahrPLrG,TSLA,Tesla,p0-1506945c,1596.2857466,78.0,
,,,,,,T0-902950a,1936.647,,
BT,Allison,Davis,TzqyQTQjZGeLZuJqlLaQ,AMZN,Amazon,X1-9202772E,1989.0,115.0,2020-03-02 01:57:51
GT,Holly,Simmons,puCpymcjBdurvfVyRYry,AMZN,Amazon,O1-1199186i,2273.7,104.0,2020-03-30 02:42:39
SZ,Blake,Martin,WVcMKILUHtBkEahrPLrG,AMZN,Amazon,f1-7611897m,1844.7797,121.0,2020-04-10 09:22:18
JP,Christine,Baldwin,vDAqsRnDaMrcomXsosXG,AMZN,Amazon,S2-8127302G,1782.83463094,146.0,2020-03-21 07:53:14
,,,,FB,Facebook,L2-1806916G,2495.1233545512496,32.0,2020-03-12 10:44:10
NZ,Caitlyn,Cruz,jDmYPxeqAWfCKCQCYFEx,FB,Facebook,V1-6589061p,1721.28,42.0,2020-03-26 15:51:49
,,,,FB,Facebook,m9-8649202S,2171.68,113.0,2020-02-05 01:15:41
KP,Tonya,Hernandez,wsdSKUxJgukcXlhktChZ,TSLA,Tesla,X9-6541499j,2056.0,237.0,2020-04-05 16:52:41
,,,,TSLA,Tesla,n0-0028280x,2025.9,34.0,2020-03-06 21:51:14
UZ,Brandi,Robbins,JTzVqzzIkFlrYUQbhnOR,TSLA,Tesla,M2-2173432P,1874.197624964182,,2020-07-05 05:34:03
NZ,Brittany,Herring,pjjFIyeNTWRUWCuKoQSU,FB,Facebook,V4-2022061r,1986.63027,11.0,
,,,,TSLA,Tesla,,2415.7255492561,251.0,
LA,Brandon,Berry,xIZVPeFzGRmMglPrQfhK,AMZN,Amazon,P5-3185755V,1626.39,66.0,2020-02-19 10:02:02
MK,Scott,Thompson,sjAcfZksMRViIYdJRrnF,AMZN,Amazon,G4-5312369O,2184.729605,,2020-07-31 11:39:06
NZ,Caitlyn,Cruz,jDmYPxeqAWfCKCQCYFEx,TSLA,Tesla,C6-1463980w,1980.5431412,181.0,2020-05-03 19:53:25
RO,Lisa,Brown,kBFQzPuESPIajAndSXpv,FB,Facebook,Y5-360524O,1755.5,217.0,2020-07-02 07:33:26
GT,Holly,Simmons,puCpymcjBdurvfVyRYry,AMZN,Amazon,,2133.0,195.0,2020-05-23 02:26:36
,,,,TSLA,Tesla,M4-2406899I,2260.391,170.0,2020-03-02 17:34:13
,,,,FB,Facebook,O1-5604385U,,237.0,2020-03-16 08:50:13
LA,Brandon,Berry,xIZVPeFzGRmMglPrQfhK,FB,Facebook,G2-4584369o,2365.97632,69.0,2020-03-10 15:59:07
TN,Tony,Hoffman,vHakrmHtTDvuKvIcxniB,TSLA,Tesla,d3-9992800F,1917.149901,3.0,2020-04-11 22:12:13
LC,Erin,Grant,HToYfSueoxPSgBHsToac,FB,Facebook,P0-4004672S,2167.4,100.0,2020-04-15 09:45:54
NZ,Brittany,Herring,pjjFIyeNTWRUWCuKoQSU,TSLA,Tesla,C2-6392599v,1525.969,222.0,
BT,Allison,Davis,TzqyQTQjZGeLZuJqlLaQ,AMZN,Amazon,,1726.313,111.0,2020-04-29 16:07:09
MK,Scott,Thompson,sjAcfZksMRViIYdJRrnF,TSLA,Tesla,I8-3783242c,2488.8209256882,37.0,2020-05-02 16:00:05
KP,Tonya,Hernandez,wsdSKUxJgukcXlhktChZ,FB,Facebook,O5-5519718N,,142.0,2020-04-03 02:08:58
KP,Tonya,Hernandez,wsdSKUxJgukcXlhktChZ,AMZN,Amazon,L5-273273A,2374.0,,2020-03-02 23:21:33
TN,Tony,Hoffman,vHakrmHtTDvuKvIcxniB,TSLA,Tesla,M9-0396308W,2027.5,267.0,2020-03-15 10:16:00
GD,Kyle,Blair,RNvnAvOpyEVAoNGnVZQU,AMZN,Amazon,t6-2266772W,2305.11038,59.0,2020-01-12 11:33:57
,,,,TSLA,Tesla,V3-4127286V,,154.0,2020-01-28 02:49:59
NZ,Brittany,Herring,pjjFIyeNTWRUWCuKoQSU,FB,Facebook,j2-12436t,2397.926588,239.0,2020-06-29 02:59:03
,,,,TSLA,Tesla,z6-5864204H,1522.17,197.0,2020-03-12 00:51:51
MK,Scott,Thompson,sjAcfZksMRViIYdJRrnF,AMZN,Amazon,L9-5441965q,1570.98764386672,99.0,2020-07-15 03:06:27
GD,Kyle,Blair,RNvnAvOpyEVAoNGnVZQU,TSLA,Tesla,X8-0786150M,2397.1,194.0,2020-02-23 18:42:58
KZ,Vicki,Burgess,deTclcaRrihIYAUADJPN,FB,Facebook,v4-6003325B,2250.34,,2020-02-22 16:53:38
KM,John,Nguyen,JyfwFVYySnPCaLuQIazT,,,J4-0071403Z,2304.8202,127.0,2020-05-13 03:12:45
,,,,AMZN,Amazon,x5-8786390I,1751.77847,52.0,2020-05-28 13:12:24
NZ,Brittany,Herring,pjjFIyeNTWRUWCuKoQSU,TSLA,Tesla,s2-9097780L,2058.356529,,2020-06-23 07:13:38
NG,Crystal,Garcia,goRcbvzSLJhZvFucyhbG,TSLA,Tesla,O1-3125044B,2203.403369,208.0,2020-03-19 05:08:23
RO,Lisa,Brown,kBFQzPuESPIajAndSXpv,FB,Facebook,S2-7577424O,2039.0,27.0,2020-02-07 02:55:32
JP,Christine,Baldwin,vDAqsRnDaMrcomXsosXG,AMZN,Amazon,L4-7582531F,2195.1862,32.0,2020-04-18 13:32:02
JP,Christine,Baldwin,vDAqsRnDaMrcomXsosXG,AMZN,Amazon,u0-5843671X,2002.5,,2020-03-20 04:11:46
,,,,FB,Facebook,A9-1428767P,2427.0,163.0,2020-03-07 00:58:03
LC,Erin,Grant,HToYfSueoxPSgBHsToac,AMZN,Amazon,z5-3002382e,2139.79057,171.0,
UZ,Brandi,Robbins,JTzVqzzIkFlrYUQbhnOR,TSLA,Tesla,D8-0271277K,2445.673283,157.0,2020-07-14 23:23:50
RU,Jordan,Walker,BJbHFDutYbbXjgkPWbwf,FB,Facebook,T1-4529226q,1853.0,84.0,2020-02-02 10:31:29
,,,,FB,Facebook,J5-1196072c,2124.47926006141,65.0,2020-07-04 08:09:08
,,,,FB,Facebook,O4-9525020Q,2487.506784114098,14.0,2020-07-04 16:03:35
SZ,Blake,Martin,WVcMKILUHtBkEahrPLrG,AMZN,Amazon,S6-3167783z,1994.700770488,,2020-04-29 13:22:19
GD,Kyle,Blair,RNvnAvOpyEVAoNGnVZQU,FB,Facebook,Q7-6267967B,2295.38,123.0,2020-01-17 23:38:50
GT,Holly,Simmons,puCpymcjBdurvfVyRYry,AMZN,Amazon,y3-4126948O,1872.0,46.0,2020-06-07 00:39:22
,,,,TSLA,Tesla,x7-5325945s,2218.0,150.0,2020-05-23 02:47:26
,,,,FB,Facebook,f5-3722089T,1774.5,18.0,2020-01-16 05:41:53
LA,Brandon,Berry,xIZVPeFzGRmMglPrQfhK,,,I7-5219605M,,117.0,2020-04-22 19:10:20
UZ,Brandi,Robbins,JTzVqzzIkFlrYUQbhnOR,AMZN,Amazon,q5-1162673r,1881.0,88.0,2020-03-31 22:14:15
MK,Scott,Thompson,sjAcfZksMRViIYdJRrnF,AMZN,Amazon,H5-0345369t,1618.3372,223.0,2020-03-23 18:20:37
LA,Brandon,Berry,xIZVPeFzGRmMglPrQfhK,AMZN,Amazon,L2-7312781J,2368.4,293.0,2020-02-06 23:55:17
GT,Holly,Simmons,puCpymcjBdurvfVyRYry,FB,Facebook,u1-0614253T,1929.0,213.0,2020-04-06 20:02:04
NG,Crystal,Garcia,goRcbvzSLJhZvFucyhbG,AMZN,Amazon,h2-2017940Q,1682.592,170.0,2020-03-05 16:18:41
,,,,TSLA,Tesla,D9-1411961z,1803.0,60.0,2020-06-02 23:29:50
NZ,Brittany,Herring,pjjFIyeNTWRUWCuKoQSU,TSLA,Tesla,x4-6281632n,,242.0,2020-06-28 09:38:37
GD,Kyle,Blair,RNvnAvOpyEVAoNGnVZQU,TSLA,Tesla,U5-2644371W,,38.0,2020-02-21 19:51:06
SZ,Blake,Martin,WVcMKILUHtBkEahrPLrG,FB,Facebook,J1-3852903k,1852.9,193.0,2020-02-04 12:35:16
BT,Allison,Davis,TzqyQTQjZGeLZuJqlLaQ,FB,Facebook,,2115.630241,241.0,2020-06-01 06:51:49
,,,,FB,Facebook,P1-5867468Q,2236.795,24.0,2020-05-02 18:23:52
RU,Jordan,Walker,BJbHFDutYbbXjgkPWbwf,TSLA,Tesla,z0-2524952D,1886.0,55.0,2020-04-16 03:22:18
UZ,Brandi,Robbins,JTzVqzzIkFlrYUQbhnOR,FB,Facebook,s2-7613787e,2319.6532003409,86.0,2020-07-15 13:15:19
UZ,Brandi,Robbins,JTzVqzzIkFlrYUQbhnOR,AMZN,Amazon,G5-2333681h,,242.0,2020-06-22 14:06:04
NZ,Caitlyn,Cruz,jDmYPxeqAWfCKCQCYFEx,FB,Facebook,U7-5975152Q,2019.29,210.0,2020-07-14 17:08:16
CV,April,Floyd,stOzTFyGrgJGPgVPVTJQ,AMZN,Amazon,V4-0994422X,1755.64361,134.0,2020-03-12 22:35:54
MK,Scott,Thompson,sjAcfZksMRViIYdJRrnF,AMZN,Amazon,w8-8144449m,,111.0,2020-04-03 09:00:08
BT,Allison,Davis,TzqyQTQjZGeLZuJqlLaQ,FB,Facebook,F7-8881797d,2392.94,212.0,2020-07-08 05:46:37
KM,John,Nguyen,JyfwFVYySnPCaLuQIazT,AMZN,Amazon,P6-6598954V,2280.112,159.0,2020-01-27 05:52:42
LC,Erin,Grant,HToYfSueoxPSgBHsToac,AMZN,Amazon,Y7-2803714v,2251.34,87.0,2020-02-12 12:26:16
JP,Christine,Baldwin,vDAqsRnDaMrcomXsosXG,TSLA,Tesla,S2-0187894Z,1631.0,43.0,2020-05-07 14:59:29
KP,Tonya,Hernandez,wsdSKUxJgukcXlhktChZ,TSLA,Tesla,I1-0542266W,2089.93065,,2020-03-10 19:54:43
JP,Christine,Baldwin,vDAqsRnDaMrcomXsosXG,AMZN,Amazon,X0-3251027R,1669.384,50.0,2020-02-22 03:11:54
RU,Jordan,Walker,BJbHFDutYbbXjgkPWbwf,AMZN,Amazon,L5-6368686N,1763.0,233.0,2020-06-20 21:01:28
SZ,Blake,Martin,WVcMKILUHtBkEahrPLrG,TSLA,Tesla,M3-9079770V,2371.6394,8.0,2020-02-02 03:33:08
KM,John,Nguyen,JyfwFVYySnPCaLuQIazT,,,W3-1926797j,2034.0,148.0,2020-07-09 05:53:27
LA,Brandon,Berry,xIZVPeFzGRmMglPrQfhK,FB,Facebook,B4-4755184W,2261.5105494,83.0,2020-03-05 20:48:50
UZ,Brandi,Robbins,JTzVqzzIkFlrYUQbhnOR,AMZN,Amazon,P4-8478047v,1926.0,64.0,2020-06-07 22:04:16
GD,Kyle,Blair,RNvnAvOpyEVAoNGnVZQU,FB,Facebook,l5-6405440z,,197.0,2020-03-14 07:12:47
GD,Kyle,Blair,RNvnAvOpyEVAoNGnVZQU,AMZN,Amazon,V4-6627650W,,77.0,2020-01-25 21:57:04
LC,Erin,Grant,HToYfSueoxPSgBHsToac,AMZN,Amazon,e3-2932930E,2431.586,119.0,2020-07-27 16:10:58
,,,,FB,Facebook,,1895.703,57.0,2020-04-05 01:34:44
,,,,TSLA,Tesla,I8-2924434G,2119.16708,198.0,2020-07-18 03:43:02
TV,Vanessa,Green,MUVGtYHdeMdauAxzEJvt,AMZN,Amazon,R3-6211988E,2090.755,,2020-03-15 21:34:35
,,,,TSLA,Tesla,h0-119891H,2401.27493472,76.0,2020-02-05 00:34:23
KP,Tonya,Hernandez,wsdSKUxJgukcXlhktChZ,FB,Facebook,t5-5119223n,1968.2,99.0,2020-06-12 17:28:27
SZ,Blake,Martin,WVcMKILUHtBkEahrPLrG,FB,Facebook,l9-8392058v,,83.0,2020-03-14 09:19:43
LC,Erin,Grant,HToYfSueoxPSgBHsToac,FB,Facebook,h7-9419784K,1668.5,,2020-03-10 16:02:12
TV,Vanessa,Green,MUVGtYHdeMdauAxzEJvt,TSLA,Tesla,o3-2241565V,1988.75846,249.0,2020-05-12 23:21:30
TV,Vanessa,Green,MUVGtYHdeMdauAxzEJvt,TSLA,Tesla,N7-5815319k,2447.8048228,191.0,2020-04-20 19:45:18
RO,Lisa,Brown,kBFQzPuESPIajAndSXpv,,,U0-3566493a,2233.5158295364,291.0,2020-05-22 09:36:32
KP,Tonya,Hernandez,wsdSKUxJgukcXlhktChZ,TSLA,Tesla,z9-1515421B,2146.4933023903136,53.0,2020-06-21 15:30:47
NG,Crystal,Garcia,goRcbvzSLJhZvFucyhbG,FB,Facebook,r3-6058080t,2154.1412193515,8.0,2020-04-05 11:59:27
TV,Vanessa,Green,MUVGtYHdeMdauAxzEJvt,TSLA,Tesla,,1592.8,197.0,2020-04-26 12:33:45
RU,Jordan,Walker,BJbHFDutYbbXjgkPWbwf,,,G4-7091471J,2461.0,13.0,2020-03-12 14:29:34
,,,,AMZN,Amazon,R8-9572314V,1751.16,208.0,2020-07-29 06:58:42
,,,,FB,Facebook,,1854.0,,2020-06-17 11:55:44
KZ,Vicki,Burgess,deTclcaRrihIYAUADJPN,FB,Facebook,b6-4741107Y,2171.8,137.0,2020-02-10 16:08:06
LA,Brandon,Berry,xIZVPeFzGRmMglPrQfhK,TSLA,Tesla,r7-124389Z,1947.96,,2020-04-09 17:51:57
,,,,TSLA,Tesla,q7-7099942j,1781.0,130.0,2020-03-14 03:42:24
RU,Jordan,Walker,BJbHFDutYbbXjgkPWbwf,FB,Facebook,,1502.0,167.0,2020-03-24 09:44:44
GD,Kyle,Blair,RNvnAvOpyEVAoNGnVZQU,AMZN,Amazon,P0-4292543A,,261.0,2020-07-28 00:49:26
RU,Jordan,Walker,BJbHFDutYbbXjgkPWbwf,AMZN,Amazon,H6-8782566f,2296.6003,278.0,
RO,Lisa,Brown,kBFQzPuESPIajAndSXpv,TSLA,Tesla,Z5-2852271A,2280.99136,287.0,2020-05-07 07:09:05
,,,,AMZN,Amazon,y1-3132761f,2134.0,45.0,2020-04-28 04:54:00
,,,,TSLA,Tesla,E6-5453137b,1501.155619692,106.0,2020-01-13 12:20:43
CV,April,Floyd,stOzTFyGrgJGPgVPVTJQ,TSLA,Tesla,V0-4767256H,2346.523,180.0,2020-06-13 13:55:03
,,,,TSLA,Tesla,L7-0893650W,2427.416,34.0,2020-03-26 13:29:11
LA,Brandon,Berry,xIZVPeFzGRmMglPrQfhK,AMZN,Amazon,j9-5425520n,1610.12,177.0,2020-04-26 13:43:22
KM,John,Nguyen,JyfwFVYySnPCaLuQIazT,AMZN,Amazon,p1-5624605m,1823.1,16.0,2020-05-11 01:17:32
GT,Holly,Simmons,puCpymcjBdurvfVyRYry,FB,Facebook,,1683.8,127.0,2020-07-05 18:12:46
,,,,AMZN,Amazon,I9-2604188T,,,2020-03-18 00:57:29
KM,John,Nguyen,JyfwFVYySnPCaLuQIazT,TSLA,Tesla,J6-6111272l,2221.0,,2020-04-11 04:49:28
SZ,Blake,Martin,WVcMKILUHtBkEahrPLrG,FB,Facebook,Z1-3574095I,2117.1534,256.0,2020-07-20 16:34:08
LA,Brandon,Berry,xIZVPeFzGRmMglPrQfhK,AMZN,Amazon,E1-2299957Y,1737.68322722,207.0,2020-01-13 04:40:59
KZ,Vicki,Burgess,deTclcaRrihIYAUADJPN,AMZN,Amazon,z4-380792C,,46.0,2020-02-05 21:07:20
GT,Holly,Simmons,puCpymcjBdurvfVyRYry,AMZN,Amazon,z0-932275P,2419.34,33.0,2020-08-01 15:30:44
UZ,Brandi,Robbins,JTzVqzzIkFlrYUQbhnOR,FB,Facebook,h4-9913264H,1954.111,261.0,2020-06-20 07:59:22
GD,Kyle,Blair,RNvnAvOpyEVAoNGnVZQU,TSLA,Tesla,U0-9548935Z,2167.0,39.0,
BT,Allison,Davis,TzqyQTQjZGeLZuJqlLaQ,TSLA,Tesla,,1852.0,156.0,2020-01-27 21:22:19
KM,John,Nguyen,JyfwFVYySnPCaLuQIazT,TSLA,Tesla,s4-0963705L,1559.6154,18.0,2020-04-20 22:56:34
NG,Crystal,Garcia,goRcbvzSLJhZvFucyhbG,FB,Facebook,h5-1495385r,,198.0,2020-05-11 23:54:38
KM,John,Nguyen,JyfwFVYySnPCaLuQIazT,AMZN,Amazon,w0-960628U,2499.12,14.0,2020-01-19 12:11:36
NZ,Brittany,Herring,pjjFIyeNTWRUWCuKoQSU,TSLA,Tesla,J7-4027055K,2031.4555,295.0,2020-01-13 13:25:35
UZ,Brandi,Robbins,JTzVqzzIkFlrYUQbhnOR,AMZN,Amazon,,2061.3,261.0,2020-07-08 22:05:54
,,,,FB,Facebook,g1-0017443I,1824.1,202.0,2020-06-06 03:47:46
KM,John,Nguyen,JyfwFVYySnPCaLuQIazT,TSLA,Tesla,b2-3816285M,1556.0,210.0,2020-06-09 05:54:36
NG,Crystal,Garcia,goRcbvzSLJhZvFucyhbG,AMZN,Amazon,b6-426669z,2011.0,50.0,2020-03-31 06:54:45
BT,Allison,Davis,TzqyQTQjZGeLZuJqlLaQ,FB,Facebook,Q6-8385223O,2009.35,177.0,2020-06-12 08:27:54
MK,Scott,Thompson,sjAcfZksMRViIYdJRrnF,,,Y0-6789762p,2290.0,109.0,2020-05-28 16:59:58
KZ,Vicki,Burgess,deTclcaRrihIYAUADJPN,,,k5-729781m,2056.5,253.0,2020-02-29 20:15:21
TN,Tony,Hoffman,vHakrmHtTDvuKvIcxniB,FB,Facebook,M1-455584m,1850.32783,89.0,2020-06-15 01:48:07
NG,Crystal,Garcia,goRcbvzSLJhZvFucyhbG,TSLA,Tesla,X9-6402357l,2125.180894,18.0,2020-05-01 23:31:27
JP,Christine,Baldwin,vDAqsRnDaMrcomXsosXG,FB,Facebook,O9-7261810W,2323.7802989,35.0,2020-05-27 01:30:38
RO,Lisa,Brown,kBFQzPuESPIajAndSXpv,TSLA,Tesla,T6-2876717W,2094.81571,,2020-05-26 19:10:27
SZ,Blake,Martin,WVcMKILUHtBkEahrPLrG,,,A9-8335941c,2192.0,96.0,2020-02-02 12:43:58
,,,,AMZN,Amazon,h9-1817966o,1577.31,,2020-05-29 21:41:29
LA,Brandon,Berry,xIZVPeFzGRmMglPrQfhK,TSLA,Tesla,G0-5122706t,2121.0,280.0,2020-03-07 22:12:42
GD,Kyle,Blair,RNvnAvOpyEVAoNGnVZQU,AMZN,Amazon,a2-8648655N,1746.5053088,70.0,2020-02-03 06:30:37
KM,John,Nguyen,JyfwFVYySnPCaLuQIazT,FB,Facebook,I0-8376003i,2128.14121,285.0,
SZ,Blake,Martin,WVcMKILUHtBkEahrPLrG,TSLA,Tesla,,2312.982762,137.0,2020-05-25 15:26:40
BT,Allison,Davis,TzqyQTQjZGeLZuJqlLaQ,TSLA,Tesla,n6-0394424X,1659.9079858463613,,2020-07-26 17:57:02
GT,Holly,Simmons,puCpymcjBdurvfVyRYry,AMZN,Amazon,R1-4755525Q,2307.0,296.0,2020-04-03 23:02:54
RU,Jordan,Walker,BJbHFDutYbbXjgkPWbwf,,,V1-543952q,1944.15,224.0,2020-05-31 19:22:08
,,,,AMZN,Amazon,B3-3613810p,1540.26,117.0,2020-01-23 01:16:49
,,,,AMZN,Amazon,,2232.2970391,94.0,2020-02-15 14:24:53
,,,,TSLA,Tesla,T2-5604119Q,2481.2,201.0,2020-03-30 06:32:27
,,,,AMZN,Amazon,A6-143716I,1504.208836,244.0,2020-03-01 20:07:05
UZ,Brandi,Robbins,JTzVqzzIkFlrYUQbhnOR,TSLA,Tesla,j8-6851406g,2326.88678534,61.0,
TN,Tony,Hoffman,vHakrmHtTDvuKvIcxniB,AMZN,Amazon,,2249.61,138.0,2020-05-30 14:54:15
MK,Scott,Thompson,sjAcfZksMRViIYdJRrnF,AMZN,Amazon,m4-2741997s,2228.0,137.0,2020-03-09 07:22:10
,,,,TSLA,Tesla,s3-1738830L,1777.801,,
TN,Tony,Hoffman,vHakrmHtTDvuKvIcxniB,TSLA,Tesla,A1-2754400u,2376.774981077492,,2020-03-28 13:15:39
RU,Jordan,Walker,BJbHFDutYbbXjgkPWbwf,FB,Facebook,Q7-6751027X,1997.3,212.0,2020-02-17 08:42:21
NZ,Caitlyn,Cruz,jDmYPxeqAWfCKCQCYFEx,FB,Facebook,J2-4065104E,1975.31,35.0,
RU,Jordan,Walker,BJbHFDutYbbXjgkPWbwf,AMZN,Amazon,,2367.123312,286.0,2020-07-14 05:06:08
KZ,Vicki,Burgess,deTclcaRrihIYAUADJPN,AMZN,Amazon,T9-2111086D,1686.6,261.0,2020-04-07 06:37:09
RO,Lisa,Brown,kBFQzPuESPIajAndSXpv,AMZN,Amazon,Y1-6943789s,1819.0,194.0,2020-03-18 14:22:48
TV,Vanessa,Green,MUVGtYHdeMdauAxzEJvt,FB,Facebook,t0-668510K,2065.0,190.0,2020-06-05 07:25:45
BT,Allison,Davis,TzqyQTQjZGeLZuJqlLaQ,AMZN,Amazon,h1-1894020k,,48.0,
,,,,TSLA,Tesla,,2459.0,50.0,2020-03-16 12:12:33
TN,Tony,Hoffman,vHakrmHtTDvuKvIcxniB,FB,Facebook,W8-3625870F,1858.0,74.0,2020-01-08 11:00:44
RO,Lisa,Brown,kBFQzPuESPIajAndSXpv,FB,Facebook,h5-2059811l,,149.0,2020-05-31 07:43:22
LC,Erin,Grant,HToYfSueoxPSgBHsToac,AMZN,Amazon,Y9-3188411u,,112.0,2020-07-19 12:01:16
MK,Scott,Thompson,sjAcfZksMRViIYdJRrnF,AMZN,Amazon,o7-8971702V,1992.37,226.0,2020-01-27 00:06:10
TV,Vanessa,Green,MUVGtYHdeMdauAxzEJvt,FB,Facebook,K0-6481484n,2082.452,98.0,2020-01-15 08:23:14
GD,Kyle,Blair,RNvnAvOpyEVAoNGnVZQU,TSLA,Tesla,P5-4173600L,1864.827,104.0,2020-02-11 20:29:30
LA,Brandon,Berry,xIZVPeFzGRmMglPrQfhK,TSLA,Tesla,n1-745626Q,2017.0,255.0,2020-07-06 06:04:37
NG,Crystal,Garcia,goRcbvzSLJhZvFucyhbG,FB,Facebook,Y5-355293v,1871.4332439934255,96.0,2020-03-13 09:37:03
KP,Tonya,Hernandez,wsdSKUxJgukcXlhktChZ,FB,Facebook,q0-6986147m,1941.0,103.0,
RO,Lisa,Brown,kBFQzPuESPIajAndSXpv,TSLA,Tesla,w8-1509877b,1629.403,100.0,2020-07-04 00:25:21
CV,April,Floyd,stOzTFyGrgJGPgVPVTJQ,AMZN,Amazon,N0-8431519i,2126.63,136.0,
JP,Christine,Baldwin,vDAqsRnDaMrcomXsosXG,AMZN,Amazon,q9-1365922p,2497.74210999,221.0,2020-01-13 05:33:57
SZ,Blake,Martin,WVcMKILUHtBkEahrPLrG,TSLA,Tesla,l1-7464696b,2418.7,129.0,2020-03-17 15:57:35
RU,Jordan,Walker,BJbHFDutYbbXjgkPWbwf,TSLA,Tesla,Z2-0297420a,2173.591668913,279.0,2020-04-14 19:33:56
SZ,Blake,Martin,WVcMKILUHtBkEahrPLrG,FB,Facebook,z5-033813f,1518.0,278.0,
UZ,Brandi,Robbins,JTzVqzzIkFlrYUQbhnOR,AMZN,Amazon,,2089.1,121.0,2020-07-07 03:54:32
,,,,,,Z5-8575113K,1655.6,,2020-07-20 22:31:25
NG,Crystal,Garcia,goRcbvzSLJhZvFucyhbG,FB,Facebook,Y0-3238287X,2165.94921,130.0,2020-04-18 16:22:11
TN,Tony,Hoffman,vHakrmHtTDvuKvIcxniB,AMZN,Amazon,e1-0981609i,2304.2,293.0,2020-07-27 10:53:33
,,,,TSLA,Tesla,N7-6097105D,1765.9,245.0,
TV,Vanessa,Green,MUVGtYHdeMdauAxzEJvt,FB,Facebook,F5-8328586O,1800.0,,
,,,,AMZN,Amazon,x6-9809075s,1761.9562588084,70.0,2020-03-27 14:58:42
KP,Tonya,Hernandez,wsdSKUxJgukcXlhktChZ,,,M6-4849287p,1711.251,249.0,2020-05-21 07:56:19
NZ,Brittany,Herring,pjjFIyeNTWRUWCuKoQSU,TSLA,Tesla,,2020.0,126.0,2020-06-15 09:22:34
RU,Jordan,Walker,BJbHFDutYbbXjgkPWbwf,TSLA,Tesla,x4-8475144K,2103.5,,2020-07-22 15:03:52
NZ,Caitlyn,Cruz,jDmYPxeqAWfCKCQCYFEx,AMZN,Amazon,M5-1659620t,2437.3587,14.0,2020-02-02 10:34:12
GT,Holly,Simmons,puCpymcjBdurvfVyRYry,AMZN,Amazon,k5-9181776T,2036.0,169.0,2020-02-09 07:50:40
TN,Tony,Hoffman,vHakrmHtTDvuKvIcxniB,AMZN,Amazon,A0-47182b,2052.3553,,2020-07-25 03:36:33
SZ,Blake,Martin,WVcMKILUHtBkEahrPLrG,FB,Facebook,O3-484327F,1887.55021,38.0,2020-02-06 16:18:19
NZ,Caitlyn,Cruz,jDmYPxeqAWfCKCQCYFEx,FB,Facebook,p6-9774327m,1938.92886,246.0,2020-06-19 01:03:58
UZ,Brandi,Robbins,JTzVqzzIkFlrYUQbhnOR,TSLA,Tesla,f9-994244W,,207.0,2020-05-28 18:05:09
,,,,AMZN,Amazon,,1786.0,93.0,2020-07-25 21:56:19
GT,Holly,Simmons,puCpymcjBdurvfVyRYry,,,o6-7451493j,2090.4,239.0,2020-07-25 13:19:55
GT,Holly,Simmons,puCpymcjBdurvfVyRYry,,,n2-8773629T,2356.47258863279,16.0,2020-04-02 22:36:10
KM,John,Nguyen,JyfwFVYySnPCaLuQIazT,FB,Facebook,s2-8041539f,1884.0,17.0,2020-01-28 02:23:20
SZ,Blake,Martin,WVcMKILUHtBkEahrPLrG,AMZN,Amazon,Y0-6525446x,2301.0,225.0,2020-01-31 12:17:39
LA,Brandon,Berry,xIZVPeFzGRmMglPrQfhK,TSLA,Tesla,W8-8457800c,2068.19,113.0,2020-06-25 12:09:35
TN,Tony,Hoffman,vHakrmHtTDvuKvIcxniB,TSLA,Tesla,j5-0795240e,1904.0,,2020-06-03 23:36:42
GD,Kyle,Blair,RNvnAvOpyEVAoNGnVZQU,FB,Facebook,i4-7074826S,2279.0,114.0,2020-07-06 02:44:21
KZ,Vicki,Burgess,deTclcaRrihIYAUADJPN,AMZN,Amazon,P1-0675694o,1809.0,276.0,2020-07-22 18:25:06
,,,,AMZN,Amazon,Y5-0079808c,1731.4956,119.0,2020-05-02 17:37:45
,,,,FB,Facebook,D2-7163476S,1647.30697863,207.0,
SZ,Blake,Martin,WVcMKILUHtBkEahrPLrG,FB,Facebook,w2-0044330g,2489.42,2.0,2020-04-30 07:05:21
,,,,FB,Facebook,,1994.0,123.0,2020-03-14 06:50:31
,,,,TSLA,Tesla,r1-5799519s,1758.207,241.0,2020-02-24 04:05:10
,,,,TSLA,Tesla,B0-8375478o,1544.983647,110.0,2020-01-18 16:15:41
KM,John,Nguyen,JyfwFVYySnPCaLuQIazT,FB,Facebook,Y6-508292R,1889.0,261.0,2020-03-03 12:01:47
GD,Kyle,Blair,RNvnAvOpyEVAoNGnVZQU,TSLA,Tesla,Q1-8303325T,2159.687,277.0,2020-03-07 15:14:54
LA,Brandon,Berry,xIZVPeFzGRmMglPrQfhK,AMZN,Amazon,C2-3978828u,2359.0,261.0,
TN,Tony,Hoffman,vHakrmHtTDvuKvIcxniB,TSLA,Tesla,s7-4207102l,2194.7052534,196.0,2020-04-29 15:18:38
LA,Brandon,Berry,xIZVPeFzGRmMglPrQfhK,TSLA,Tesla,a5-4364841V,1633.0,180.0,
GT,Holly,Simmons,puCpymcjBdurvfVyRYry,FB,Facebook,b9-5921642i,2002.0,269.0,2020-01-22 11:14:39
KZ,Vicki,Burgess,deTclcaRrihIYAUADJPN,TSLA,Tesla,h9-2128745k,,250.0,2020-05-11 10:10:35
,,,,TSLA,Tesla,r6-0543058A,1570.0,42.0,
,,,,FB,Facebook,t0-3909232W,2413.0,18.0,2020-06-06 10:08:35
,,,,AMZN,Amazon,d1-9556018v,1870.0,254.0,2020-06-17 20:04:23
KM,John,Nguyen,JyfwFVYySnPCaLuQIazT,TSLA,Tesla,R9-4233075x,,126.0,2020-03-08 15:12:30
KZ,Vicki,Burgess,deTclcaRrihIYAUADJPN,TSLA,Tesla,,2061.1185846,60.0,2020-01-19 19:05:17
,,,,FB,Facebook,E2-8153039M,2308.4,102.0,2020-03-08 17:32:43
GT,Holly,Simmons,puCpymcjBdurvfVyRYry,TSLA,Tesla,s9-1929168O,1727.0,263.0,2020-06-21 06:44:41
SZ,Blake,Martin,WVcMKILUHtBkEahrPLrG,AMZN,Amazon,s7-2667667q,,239.0,
NZ,Caitlyn,Cruz,jDmYPxeqAWfCKCQCYFEx,AMZN,Amazon,O4-2575197j,,65.0,2020-01-31 12:37:31
,,,,TSLA,Tesla,v5-4526130Y,2278.3,152.0,2020-05-13 01:01:32
,,,,AMZN,Amazon,,2494.0,58.0,2020-07-30 01:30:54
TN,Tony,Hoffman,vHakrmHtTDvuKvIcxniB,FB,Facebook,w2-9793390m,2382.7952769200965,299.0,2020-07-07 21:39:43
TN,Tony,Hoffman,vHakrmHtTDvuKvIcxniB,,,b3-0529611T,1885.6229298,278.0,2020-05-16 19:33:40
KZ,Vicki,Burgess,deTclcaRrihIYAUADJPN,AMZN,Amazon,G1-0646703K,2028.7752065915577,,2020-07-25 01:18:49
LA,Brandon,Berry,xIZVPeFzGRmMglPrQfhK,,,F0-9363265B,1999.695,284.0,2020-03-08 09:43:52
KP,Tonya,Hernandez,wsdSKUxJgukcXlhktChZ,FB,Facebook,,2066.64,31.0,2020-03-01 03:20:13
KM,John,Nguyen,JyfwFVYySnPCaLuQIazT,TSLA,Tesla,d9-6667946F,1725.0,169.0,2020-01-07 20:14:33
RU,Jordan,Walker,BJbHFDutYbbXjgkPWbwf,TSLA,Tesla,x5-1892884k,2492.96,20.0,2020-07-12 11:38:40
KM,John,Nguyen,JyfwFVYySnPCaLuQIazT,FB,Facebook,X3-2409424y,1672.134624582306,143.0,2020-03-15 19:34:23
LC,Erin,Grant,HToYfSueoxPSgBHsToac,,,N5-7587497Y,2195.68,,2020-04-05 15:44:32
NZ,Caitlyn,Cruz,jDmYPxeqAWfCKCQCYFEx,AMZN,Amazon,k0-7245116K,2277.9561946,70.0,2020-01-06 04:12:38
,,,,TSLA,Tesla,l9-630254s,,300.0,2020-05-07 14:33:32
CV,April,Floyd,stOzTFyGrgJGPgVPVTJQ,TSLA,Tesla,k2-4989979y,1568.273,34.0,2020-03-22 04:03:06
KP,Tonya,Hernandez,wsdSKUxJgukcXlhktChZ,TSLA,Tesla,F9-7572053y,1995.401,,2020-07-17 01:26:28
LC,Erin,Grant,HToYfSueoxPSgBHsToac,AMZN,Amazon,q9-6652212b,1795.4,261.0,2020-07-18 07:06:40
LA,Brandon,Berry,xIZVPeFzGRmMglPrQfhK,TSLA,Tesla,m7-4692334s,1505.3,160.0,2020-04-24 18:08:23
RO,Lisa,Brown,kBFQzPuESPIajAndSXpv,TSLA,Tesla,b3-2777568Z,1736.0,194.0,2020-03-20 13:17:36
,,,,,,q8-4616718m,2355.6,268.0,2020-01-30 04:44:46
,,,,FB,Facebook,,2008.0,238.0,
GD,Kyle,Blair,RNvnAvOpyEVAoNGnVZQU,AMZN,Amazon,s3-4222671j,1961.84,293.0,2020-03-25 23:59:47
NZ,Caitlyn,Cruz,jDmYPxeqAWfCKCQCYFEx,TSLA,Tesla,Z2-0129452L,1781.0,,2020-04-17 17:47:55
,,,,FB,Facebook,o4-4204135K,,296.0,2020-03-26 15:12:35
NG,Crystal,Garcia,goRcbvzSLJhZvFucyhbG,TSLA,Tesla,D6-4596080g,2425.76,147.0,2020-02-23 20:38:06
GT,Holly,Simmons,puCpymcjBdurvfVyRYry,TSLA,Tesla,r8-8004270g,1758.8,,2020-01-06 11:06:36
NZ,Brittany,Herring,pjjFIyeNTWRUWCuKoQSU,,,g7-5936949M,2374.119396596843,37.0,2020-04-15 15:10:53
,,,,AMZN,Amazon,r1-9486911Q,2041.92211,52.0,2020-02-11 06:25:08
RU,Jordan,Walker,BJbHFDutYbbXjgkPWbwf,TSLA,Tesla,Q0-2652461c,2290.0,242.0,2020-07-10 01:35:58
GD,Kyle,Blair,RNvnAvOpyEVAoNGnVZQU,AMZN,Amazon,u5-8996104Z,1771.4335,183.0,2020-06-21 05:56:02
CV,April,Floyd,stOzTFyGrgJGPgVPVTJQ,,,q9-8331820g,1959.685685,109.0,2020-05-11 22:19:30
,,,,,,H2-0109092z,1759.929145,10.0,2020-07-23 08:55:53
KM,John,Nguyen,JyfwFVYySnPCaLuQIazT,AMZN,Amazon,r9-1633404A,2421.0,50.0,2020-03-22 03:40:00
GT,Holly,Simmons,puCpymcjBdurvfVyRYry,AMZN,Amazon,l2-4321688U,2329.0,262.0,2020-01-13 19:53:57
CV,April,Floyd,stOzTFyGrgJGPgVPVTJQ,AMZN,Amazon,o3-3086302B,1909.92,193.0,2020-07-20 08:28:26
RU,Jordan,Walker,BJbHFDutYbbXjgkPWbwf,FB,Facebook,Z1-9553525G,1536.0,264.0,2020-04-16 02:41:10
NZ,Caitlyn,Cruz,jDmYPxeqAWfCKCQCYFEx,AMZN,Amazon,c7-9398344o,1530.0,299.0,
KP,Tonya,Hernandez,wsdSKUxJgukcXlhktChZ,,,r6-1011772q,1706.9755,97.0,2020-04-21 13:41:33
CV,April,Floyd,stOzTFyGrgJGPgVPVTJQ,,,P4-1341876N,1721.0,292.0,2020-02-16 10:31:36
BT,Allison,Davis,TzqyQTQjZGeLZuJqlLaQ,AMZN,Amazon,l6-7251063g,2055.37462684,170.0,
KP,Tonya,Hernandez,wsdSKUxJgukcXlhktChZ,AMZN,Amazon,y0-9073899i,2210.7,219.0,2020-05-01 05:55:40
GD,Kyle,Blair,RNvnAvOpyEVAoNGnVZQU,TSLA,Tesla,Q6-3399040p,2403.0,,2020-06-08 04:25:27
TN,Tony,Hoffman,vHakrmHtTDvuKvIcxniB,,,k4-1775446l,1867.0,233.0,2020-01-08 12:23:13
,,,,TSLA,Tesla,F7-3727798q,1841.7,174.0,2020-07-26 00:19:20
SZ,Blake,Martin,WVcMKILUHtBkEahrPLrG,FB,Facebook,i5-6469338z,1715.862,136.0,2020-06-05 08:51:24
,,,,FB,Facebook,V7-1399774I,2270.2893,,2020-02-05 19:29:32
,,,,TSLA,Tesla,u0-4739270r,2121.485,,2020-03-11 12:19:36
,,,,TSLA,Tesla,w5-0504740L,1707.228,203.0,2020-04-10 13:29:37
GD,Kyle,Blair,RNvnAvOpyEVAoNGnVZQU,AMZN,Amazon,v8-000414K,2441.9898352,247.0,2020-04-04 00:23:15
RO,Lisa,Brown,kBFQzPuESPIajAndSXpv,AMZN,Amazon,,1941.69908311,40.0,
UZ,Brandi,Robbins,JTzVqzzIkFlrYUQbhnOR,FB,Facebook,f5-0864927C,2469.263512,221.0,2020-03-05 17:51:24
KM,John,Nguyen,JyfwFVYySnPCaLuQIazT,FB,Facebook,s0-5004480Y,2118.1573511,283.0,2020-05-07 10:36:57
GT,Holly,Simmons,puCpymcjBdurvfVyRYry,TSLA,Tesla,N0-8191941N,1504.0,130.0,2020-07-25 09:39:13
TN,Tony,Hoffman,vHakrmHtTDvuKvIcxniB,FB,Facebook,f9-964563n,2165.86236689,98.0,2020-06-01 15:14:55
,,,,FB,Facebook,z2-8332960h,2171.735,,2020-04-04 15:15:38
NZ,Caitlyn,Cruz,jDmYPxeqAWfCKCQCYFEx,FB,Facebook,B6-3089908q,2084.914529,97.0,2020-06-09 23:16:42
NZ,Brittany,Herring,pjjFIyeNTWRUWCuKoQSU,TSLA,Tesla,m2-6711231o,1522.89022,65.0,2020-06-20 05:55:52
KM,John,Nguyen,JyfwFVYySnPCaLuQIazT,FB,Facebook,,2008.31,78.0,2020-05-08 15:46:11
,,,,,,F6-7641940j,1838.87501925,187.0,2020-05-21 04:25:18
BT,Allison,Davis,TzqyQTQjZGeLZuJqlLaQ,TSLA,Tesla,K0-8623145J,1563.558,249.0,2020-04-10 09:31:05
GD,Kyle,Blair,RNvnAvOpyEVAoNGnVZQU,TSLA,Tesla,E2-0469385Z,2438.6865464,183.0,
RU,Jordan,Walker,BJbHFDutYbbXjgkPWbwf,AMZN,Amazon,R6-5837473M,1789.978,232.0,2020-04-25 01:11:36
LA,Brandon,Berry,xIZVPeFzGRmMglPrQfhK,,,m8-3544896I,2423.0,129.0,2020-04-28 06:57:03
,,,,FB,Facebook,M4-4658376B,1592.1,,2020-05-28 21:26:07
RU,Jordan,Walker,BJbHFDutYbbXjgkPWbwf,AMZN,Amazon,m4-4313402g,2378.77419577,153.0,2020-03-09 03:24:32
JP,Christine,Baldwin,vDAqsRnDaMrcomXsosXG,AMZN,Amazon,,1668.502,,2020-01-16 12:18:21
CV,April,Floyd,stOzTFyGrgJGPgVPVTJQ,TSLA,Tesla,T5-3678747k,2285.1,24.0,2020-01-30 12:54:47
GD,Kyle,Blair,RNvnAvOpyEVAoNGnVZQU,FB,Facebook,E8-5614010r,2344.0,226.0,2020-06-06 02:17:19
GT,Holly,Simmons,puCpymcjBdurvfVyRYry,TSLA,Tesla,Q1-2187806C,,167.0,2020-06-29 04:11:07
,,,,AMZN,Amazon,F6-6304340a,2392.15,180.0,
BT,Allison,Davis,TzqyQTQjZGeLZuJqlLaQ,FB,Facebook,c6-566990A,2479.0,124.0,2020-03-31 15:49:49
JP,Christine,Baldwin,vDAqsRnDaMrcomXsosXG,FB,Facebook,b9-9017757Q,,183.0,2020-04-05 15:32:43
RU,Jordan,Walker,BJbHFDutYbbXjgkPWbwf,FB,Facebook,A2-5629162p,1678.335596,,2020-05-16 07:14:13
KP,Tonya,Hernandez,wsdSKUxJgukcXlhktChZ,,,k1-4297970p,2045.0,8.0,2020-02-21 12:49:30
NG,Crystal,Garcia,goRcbvzSLJhZvFucyhbG,AMZN,Amazon,L0-7442203a,2199.77299,68.0,2020-03-03 10:07:07
,,,,TSLA,Tesla,i7-920333y,1673.0,111.0,2020-05-26 14:24:00
GD,Kyle,Blair,RNvnAvOpyEVAoNGnVZQU,AMZN,Amazon,b6-515151H,1803.4392,36.0,2020-03-13 02:50:33
,,,,FB,Facebook,d8-3467572U,1899.607245943079,179.0,2020-05-25 02:41:22
GT,Holly,Simmons,puCpymcjBdurvfVyRYry,TSLA,Tesla,A2-3187376F,2349.38208516556,218.0,2020-04-05 00:22:48
RU,Jordan,Walker,BJbHFDutYbbXjgkPWbwf,TSLA,Tesla,m8-6548578n,2106.699,87.0,2020-06-10 19:36:43
GD,Kyle,Blair,RNvnAvOpyEVAoNGnVZQU,TSLA,Tesla,E5-4199787d,1594.295,98.0,2020-04-09 18:33:37
,,,,AMZN,Amazon,n7-0753038g,2210.758,41.0,2020-04-08 00:57:59
GD,Kyle,Blair,RNvnAvOpyEVAoNGnVZQU,AMZN,Amazon,M8-2262839c,1749.0,199.0,2020-07-17 15:23:38
,,,,TSLA,Tesla,c9-8903256t,2189.1,294.0,2020-01-22 04:16:47
NZ,Brittany,Herring,pjjFIyeNTWRUWCuKoQSU,AMZN,Amazon,o5-479389K,1943.6,166.0,2020-06-19 22:30:31
LA,Brandon,Berry,xIZVPeFzGRmMglPrQfhK,AMZN,Amazon,B5-2178594v,2218.9,132.0,2020-01-27 22:10:30
GT,Holly,Simmons,puCpymcjBdurvfVyRYry,TSLA,Tesla,C2-5631595j,2047.984,294.0,2020-05-17 03:57:36
TV,Vanessa,Green,MUVGtYHdeMdauAxzEJvt,TSLA,Tesla,B5-4805767O,1655.869,177.0,2020-07-18 17:38:33
LC,Erin,Grant,HToYfSueoxPSgBHsToac,AMZN,Amazon,x6-1961034Q,2052.6,93.0,2020-01-29 08:50:14
LA,Brandon,Berry,xIZVPeFzGRmMglPrQfhK,TSLA,Tesla,M1-7261213V,2015.0,197.0,
MK,Scott,Thompson,sjAcfZksMRViIYdJRrnF,FB,Facebook,o0-5646691J,1615.469093,0.0,2020-05-29 01:16:19
NZ,Caitlyn,Cruz,jDmYPxeqAWfCKCQCYFEx,TSLA,Tesla,V9-7851371O,2248.95,290.0,
,,,,FB,Facebook,M8-0379755m,2113.0,76.0,2020-02-13 10:31:59
SZ,Blake,Martin,WVcMKILUHtBkEahrPLrG,AMZN,Amazon,L2-8808307A,1946.53,48.0,2020-04-18 01:25:33
TV,Vanessa,Green,MUVGtYHdeMdauAxzEJvt,FB,Facebook,t3-4084648J,1696.0,22.0,2020-01-06 15:14:34
JP,Christine,Baldwin,vDAqsRnDaMrcomXsosXG,AMZN,Amazon,p2-0394661y,,240.0,2020-01-08 21:27:03
JP,Christine,Baldwin,vDAqsRnDaMrcomXsosXG,FB,Facebook,w4-0063391C,,10.0,2020-04-27 18:04:33
JP,Christine,Baldwin,vDAqsRnDaMrcomXsosXG,TSLA,Tesla,l2-156169S,,116.0,2020-06-27 08:36:48
GT,Holly,Simmons,puCpymcjBdurvfVyRYry,,,i6-8594403X,2383.2,256.0,2020-06-30 12:20:18
NZ,Caitlyn,Cruz,jDmYPxeqAWfCKCQCYFEx,AMZN,Amazon,o3-0661495u,1970.0,115.0,2020-03-26 17:38:30
TN,Tony,Hoffman,vHakrmHtTDvuKvIcxniB,TSLA,Tesla,b3-9993199G,1614.912436,236.0,
SZ,Blake,Martin,WVcMKILUHtBkEahrPLrG,FB,Facebook,,2403.599,175.0,2020-01-27 00:48:27
CV,April,Floyd,stOzTFyGrgJGPgVPVTJQ,AMZN,Amazon,T3-3428048Y,2439.954,181.0,2020-05-30 00:18:23
UZ,Brandi,Robbins,JTzVqzzIkFlrYUQbhnOR,AMZN,Amazon,u0-1367392o,1622.6,222.0,2020-06-05 16:00:10
TN,Tony,Hoffman,vHakrmHtTDvuKvIcxniB,FB,Facebook,D9-440452j,2467.0,282.0,2020-06-01 20:16:31
,,,,FB,Facebook,e6-1954883F,1871.8,176.0,2020-02-13 07:10:27
GT,Holly,Simmons,puCpymcjBdurvfVyRYry,TSLA,Tesla,P3-9907500x,2384.31477856,167.0,2020-02-19 11:07:23
NZ,Brittany,Herring,pjjFIyeNTWRUWCuKoQSU,TSLA,Tesla,M7-3445868Q,1641.0,,2020-06-18 02:05:48
KM,John,Nguyen,JyfwFVYySnPCaLuQIazT,AMZN,Amazon,k9-63748e,1577.27348421215,117.0,2020-02-10 19:35:43
,,,,AMZN,Amazon,i6-8729141R,2209.4,,2020-04-03 17:31:50
TV,Vanessa,Green,MUVGtYHdeMdauAxzEJvt,AMZN,Amazon,X7-16571H,2375.0,34.0,2020-03-02 06:51:41
GT,Holly,Simmons,puCpymcjBdurvfVyRYry,FB,Facebook,G9-9572935f,2166.5144,143.0,2020-06-01 23:52:42
NZ,Brittany,Herring,pjjFIyeNTWRUWCuKoQSU,FB,Facebook,Y6-0248016R,2283.1881,,2020-03-29 21:29:09
CV,April,Floyd,stOzTFyGrgJGPgVPVTJQ,FB,Facebook,d6-9078818s,1694.0,158.0,2020-01-12 23:16:44
RU,Jordan,Walker,BJbHFDutYbbXjgkPWbwf,TSLA,Tesla,G7-8574770U,2111.9,67.0,2020-04-18 00:39:16
TV,Vanessa,Green,MUVGtYHdeMdauAxzEJvt,AMZN,Amazon,H6-7575049n,1728.4,1.0,
,,,,AMZN,Amazon,E1-4937892x,1795.0,104.0,2020-02-03 21:05:35
BT,Allison,Davis,TzqyQTQjZGeLZuJqlLaQ,TSLA,Tesla,E1-2088610s,2142.42976487715,174.0,2020-02-28 00:26:50
NZ,Brittany,Herring,pjjFIyeNTWRUWCuKoQSU,TSLA,Tesla,a8-7428812D,2453.426,145.0,
SZ,Blake,Martin,WVcMKILUHtBkEahrPLrG,FB,Facebook,c4-6007123w,1604.0,235.0,2020-04-24 08:27:11
,,,,TSLA,Tesla,F1-0676934X,1520.30630558,70.0,2020-04-19 04:22:56
UZ,Brandi,Robbins,JTzVqzzIkFlrYUQbhnOR,FB,Facebook,c0-2791917r,2485.0,82.0,2020-03-08 16:34:31
KM,John,Nguyen,JyfwFVYySnPCaLuQIazT,FB,Facebook,m2-723310q,2075.2345,,2020-01-19 23:29:28
,,,,AMZN,Amazon,r0-0773586I,2305.1,63.0,
RU,Jordan,Walker,BJbHFDutYbbXjgkPWbwf,AMZN,Amazon,X9-0031177d,2491.0,260.0,2020-02-04 15:53:16
LC,Erin,Grant,HToYfSueoxPSgBHsToac,AMZN,Amazon,P4-0746579X,1741.832,294.0,2020-06-01 08:06:13
KM,John,Nguyen,JyfwFVYySnPCaLuQIazT,FB,Facebook,G2-1551645J,1574.0,258.0,2020-04-09 12:01:52
TV,Vanessa,Green,MUVGtYHdeMdauAxzEJvt,AMZN,Amazon,A9-9383287I,2294.3,44.0,2020-02-01 06:34:33
,,,,TSLA,Tesla,d3-2254897H,2377.0,78.0,2020-03-27 02:07:16
GT,Holly,Simmons,puCpymcjBdurvfVyRYry,FB,Facebook,h6-8484673A,2221.44,197.0,2020-06-02 09:27:28
SZ,Blake,Martin,WVcMKILUHtBkEahrPLrG,FB,Facebook,W1-2066092z,,208.0,2020-06-26 07:12:46
,,,,TSLA,Tesla,N4-953508K,1945.0,200.0,2020-01-13 22:23:02
,,,,TSLA,Tesla,,,21.0,2020-01-17 16:09:56
GD,Kyle,Blair,RNvnAvOpyEVAoNGnVZQU,TSLA,Tesla,G0-351905c,1926.5487792,234.0,2020-06-01 10:06:28
GT,Holly,Simmons,puCpymcjBdurvfVyRYry,TSLA,Tesla,w4-7011496s,1507.0,,2020-04-16 21:01:55
NZ,Caitlyn,Cruz,jDmYPxeqAWfCKCQCYFEx,FB,Facebook,C9-9124339r,1911.0,,2020-03-28 16:22:55
RO,Lisa,Brown,kBFQzPuESPIajAndSXpv,,,v4-5016067x,,298.0,2020-01-30 05:45:17
LA,Brandon,Berry,xIZVPeFzGRmMglPrQfhK,FB,Facebook,l0-2755936r,2369.67749805849,153.0,2020-02-14 22:12:35
,,,,AMZN,Amazon,j5-8121240B,2179.8,,2020-07-31 16:36:15
JP,Christine,Baldwin,vDAqsRnDaMrcomXsosXG,FB,Facebook,d1-4863823J,1545.436979,194.0,2020-04-13 22:51:55
,,,,TSLA,Tesla,Y7-9935854n,1693.0,,2020-02-13 12:21:48
,,,,AMZN,Amazon,q7-3598279g,1682.15218,55.0,2020-07-02 17:07:05
CV,April,Floyd,stOzTFyGrgJGPgVPVTJQ,AMZN,Amazon,u0-6159867N,2261.5,91.0,2020-06-21 19:50:34
LC,Erin,Grant,HToYfSueoxPSgBHsToac,TSLA,Tesla,K2-5666126p,2191.0,104.0,2020-05-11 06:32:19
TV,Vanessa,Green,MUVGtYHdeMdauAxzEJvt,AMZN,Amazon,R3-3164622T,1699.98,285.0,2020-03-26 08:46:50
TN,Tony,Hoffman,vHakrmHtTDvuKvIcxniB,,,V0-5613001m,2339.6,181.0,2020-08-01 02:48:58
LC,Erin,Grant,HToYfSueoxPSgBHsToac,TSLA,Tesla,s9-8901699Y,2288.841856,206.0,2020-06-01 23:33:00
LC,Erin,Grant,HToYfSueoxPSgBHsToac,TSLA,Tesla,W7-6542689w,2260.0,65.0,2020-05-12 12:25:52
LA,Brandon,Berry,xIZVPeFzGRmMglPrQfhK,FB,Facebook,I6-2724737u,1687.333236405963,264.0,2020-01-18 21:52:50
RO,Lisa,Brown,kBFQzPuESPIajAndSXpv,FB,Facebook,,,146.0,2020-06-20 14:05:43
GT,Holly,Simmons,puCpymcjBdurvfVyRYry,TSLA,Tesla,b8-5512286A,2443.66698,191.0,2020-01-07 15:07:50
UZ,Brandi,Robbins,JTzVqzzIkFlrYUQbhnOR,FB,Facebook,L5-5312373S,1918.793649044,214.0,
TV,Vanessa,Green,MUVGtYHdeMdauAxzEJvt,FB,Facebook,,2475.0,268.0,2020-06-18 04:47:26
NZ,Brittany,Herring,pjjFIyeNTWRUWCuKoQSU,TSLA,Tesla,T9-0174743x,1753.5,219.0,
LA,Brandon,Berry,xIZVPeFzGRmMglPrQfhK,AMZN,Amazon,y9-3079020O,1704.4,133.0,2020-07-21 01:33:03
,,,,,,s3-3933888e,2352.92307303,173.0,2020-07-19 10:43:55
KZ,Vicki,Burgess,deTclcaRrihIYAUADJPN,TSLA,Tesla,d4-059119t,1883.0,289.0,
,,,,TSLA,Tesla,I1-6822699A,1524.11114,8.0,2020-01-09 10:15:58
MK,Scott,Thompson,sjAcfZksMRViIYdJRrnF,TSLA,Tesla,e5-0507795I,1950.35,209.0,2020-01-26 09:28:33
CV,April,Floyd,stOzTFyGrgJGPgVPVTJQ,AMZN,Amazon,J0-3807965T,2362.1,17.0,2020-01-09 02:45:27
NZ,Brittany,Herring,pjjFIyeNTWRUWCuKoQSU,TSLA,Tesla,D6-2796205g,2108.0,147.0,2020-04-03 23:45:23
CV,April,Floyd,stOzTFyGrgJGPgVPVTJQ,FB,Facebook,D6-0804978K,1567.0,232.0,2020-04-25 20:40:58
,,,,AMZN,Amazon,j2-7272721M,1633.0,,2020-03-28 06:27:12
,,,,TSLA,Tesla,u0-8778279X,1577.0,212.0,2020-01-12 04:45:02
,,,,TSLA,Tesla,N9-9817438v,2347.22,120.0,2020-05-04 11:12:36
,,,,FB,Facebook,n0-7779427R,,67.0,2020-02-17 17:20:50
UZ,Brandi,Robbins,JTzVqzzIkFlrYUQbhnOR,FB,Facebook,,1637.4,59.0,2020-04-01 04:09:45
KP,Tonya,Hernandez,wsdSKUxJgukcXlhktChZ,,,z0-0563692W,2168.73,125.0,2020-06-18 20:53:07
TN,Tony,Hoffman,vHakrmHtTDvuKvIcxniB,FB,Facebook,O0-8399931L,2216.886,203.0,2020-04-09 21:36:58
JP,Christine,Baldwin,vDAqsRnDaMrcomXsosXG,AMZN,Amazon,K2-4883183S,1503.308897,66.0,
RO,Lisa,Brown,kBFQzPuESPIajAndSXpv,AMZN,Amazon,d1-4637158N,1700.50154,132.0,2020-05-02 12:05:18
NZ,Caitlyn,Cruz,jDmYPxeqAWfCKCQCYFEx,,,U2-6876055z,1761.1673,289.0,2020-05-27 06:43:39
KZ,Vicki,Burgess,deTclcaRrihIYAUADJPN,AMZN,Amazon,Q5-5654328B,1771.3,271.0,2020-07-16 04:09:35
RU,Jordan,Walker,BJbHFDutYbbXjgkPWbwf,AMZN,Amazon,t4-0376741Q,1643.4054,243.0,2020-06-06 21:16:15
,,,,TSLA,Tesla,E0-6631515u,2074.11,97.0,2020-05-24 04:03:29
RU,Jordan,Walker,BJbHFDutYbbXjgkPWbwf,FB,Facebook,,,136.0,2020-01-10 08:13:32
KZ,Vicki,Burgess,deTclcaRrihIYAUADJPN,TSLA,Tesla,k6-5104068P,2011.0,,2020-01-16 11:02:58
MK,Scott,Thompson,sjAcfZksMRViIYdJRrnF,AMZN,Amazon,i3-4134881e,2324.0,,2020-02-02 04:19:20
GT,Holly,Simmons,puCpymcjBdurvfVyRYry,TSLA,Tesla,m6-5429438S,1664.5,158.0,2020-04-18 20:32:17
NG,Crystal,Garcia,goRcbvzSLJhZvFucyhbG,,,d0-2798532F,1527.0,,2020-04-24 09:14:45
,,,,AMZN,Amazon,Z4-3885040C,2178.5209,106.0,2020-06-22 07:31:44
KP,Tonya,Hernandez,wsdSKUxJgukcXlhktChZ,AMZN,Amazon,Y2-2565583t,1638.679957,115.0,2020-07-26 15:52:30
GT,Holly,Simmons,puCpymcjBdurvfVyRYry,TSLA,Tesla,E7-7624847w,2206.8652,257.0,2020-03-08 02:04:50
NZ,Caitlyn,Cruz,jDmYPxeqAWfCKCQCYFEx,TSLA,Tesla,r6-6703429q,2108.0,185.0,2020-06-26 13:22:59
GT,Holly,Simmons,puCpymcjBdurvfVyRYry,AMZN,Amazon,H0-5758051v,1808.74777,120.0,2020-06-12 20:25:45
KZ,Vicki,Burgess,deTclcaRrihIYAUADJPN,TSLA,Tesla,G1-8447189e,2407.7,23.0,2020-06-08 14:19:45
KM,John,Nguyen,JyfwFVYySnPCaLuQIazT,FB,Facebook,,2419.115,154.0,2020-05-01 07:47:40
NZ,Brittany,Herring,pjjFIyeNTWRUWCuKoQSU,TSLA,Tesla,Y7-1575592P,,159.0,2020-04-17 04:31:58
KZ,Vicki,Burgess,deTclcaRrihIYAUADJPN,TSLA,Tesla,H0-6856756I,1812.7,251.0,2020-01-14 04:34:26
GT,Holly,Simmons,puCpymcjBdurvfVyRYry,TSLA,Tesla,F0-9785805X,1900.77,275.0,2020-04-17 00:08:55
RU,Jordan,Walker,BJbHFDutYbbXjgkPWbwf,AMZN,Amazon,k0-4883611R,1917.205520189,151.0,2020-05-26 23:46:28
SZ,Blake,Martin,WVcMKILUHtBkEahrPLrG,AMZN,Amazon,C1-8618819n,2029.11,281.0,2020-03-15 18:44:50
,,,,FB,Facebook,A5-0724298u,1875.305,203.0,2020-05-12 22:55:41
LA,Brandon,Berry,xIZVPeFzGRmMglPrQfhK,TSLA,Tesla,z9-964297M,2313.7,214.0,2020-05-14 15:44:15
NZ,Caitlyn,Cruz,jDmYPxeqAWfCKCQCYFEx,,,W3-4238722R,1850.0,181.0,2020-07-02 20:28:03
NG,Crystal,Garcia,goRcbvzSLJhZvFucyhbG,TSLA,Tesla,j3-3453295F,2221.581948,63.0,2020-05-22 15:05:27
RO,Lisa,Brown,kBFQzPuESPIajAndSXpv,TSLA,Tesla,k5-2169362T,1788.0,,2020-06-26 23:33:52
,,,,AMZN,Amazon,z9-3623367N,2239.71,0.0,2020-06-21 21:03:24
NZ,Brittany,Herring,pjjFIyeNTWRUWCuKoQSU,AMZN,Amazon,b1-1434938N,1792.661,65.0,2020-03-16 07:19:46
SZ,Blake,Martin,WVcMKILUHtBkEahrPLrG,AMZN,Amazon,t7-4475722f,,176.0,2020-07-13 14:21:31
LA,Brandon,Berry,xIZVPeFzGRmMglPrQfhK,AMZN,Amazon,,1730.3065,48.0,2020-05-19 13:40:31
KM,John,Nguyen,JyfwFVYySnPCaLuQIazT,FB,Facebook,f8-5893645R,2104.8,47.0,2020-04-29 07:20:00
LA,Brandon,Berry,xIZVPeFzGRmMglPrQfhK,TSLA,Tesla,G5-1825316z,1769.1,111.0,
MK,Scott,Thompson,sjAcfZksMRViIYdJRrnF,FB,Facebook,B6-8549992L,2180.727,137.0,2020-03-17 19:54:10
,,,,TSLA,Tesla,c1-2142239Z,1957.1,221.0,2020-03-19 14:03:46
RO,Lisa,Brown,kBFQzPuESPIajAndSXpv,FB,Facebook,,2310.267,250.0,2020-07-11 04:06:22
CV,April,Floyd,stOzTFyGrgJGPgVPVTJQ,AMZN,Amazon,s8-5683600P,1741.3558087,19.0,2020-03-12 20:42:36
NZ,Brittany,Herring,pjjFIyeNTWRUWCuKoQSU,TSLA,Tesla,O8-9701730S,1697.19771,209.0,2020-06-16 00:32:55
RO,Lisa,Brown,kBFQzPuESPIajAndSXpv,TSLA,Tesla,E6-0668897Z,2009.5209125,7.0,2020-01-12 04:39:44
LC,Erin,Grant,HToYfSueoxPSgBHsToac,AMZN,Amazon,B1-1569156p,1656.0,190.0,
GD,Kyle,Blair,RNvnAvOpyEVAoNGnVZQU,FB,Facebook,o7-2993512F,1515.4962429034,47.0,2020-01-07 16:46:27
UZ,Brandi,Robbins,JTzVqzzIkFlrYUQbhnOR,AMZN,Amazon,N5-1058863E,2145.0,234.0,2020-07-07 05:13:48
BT,Allison,Davis,TzqyQTQjZGeLZuJqlLaQ,FB,Facebook,X8-4017525j,1747.6952,145.0,2020-03-07 05:11:35
GD,Kyle,Blair,RNvnAvOpyEVAoNGnVZQU,AMZN,Amazon,,1958.0,98.0,2020-04-09 05:41:52
KZ,Vicki,Burgess,deTclcaRrihIYAUADJPN,,,i7-4822964Y,1608.54,170.0,2020-07-30 07:38:58
NZ,Caitlyn,Cruz,jDmYPxeqAWfCKCQCYFEx,TSLA,Tesla,b3-8271153R,,237.0,2020-04-07 07:43:32
,,,,AMZN,Amazon,V5-6538471w,2092.71265394,203.0,2020-06-28 07:17:53
JP,Christine,Baldwin,vDAqsRnDaMrcomXsosXG,,,U7-9986733Y,1858.0,253.0,2020-07-06 21:21:28
GT,Holly,Simmons,puCpymcjBdurvfVyRYry,TSLA,Tesla,r9-7409388M,1570.3,7.0,2020-06-07 18:30:25
LA,Brandon,Berry,xIZVPeFzGRmMglPrQfhK,FB,Facebook,P8-4197852h,1849.9,130.0,
MK,Scott,Thompson,sjAcfZksMRViIYdJRrnF,AMZN,Amazon,,2200.2,187.0,2020-02-25 22:12:43
UZ,Brandi,Robbins,JTzVqzzIkFlrYUQbhnOR,,,r9-242681X,1807.0,63.0,
SZ,Blake,Martin,WVcMKILUHtBkEahrPLrG,FB,Facebook,t6-5807824o,,244.0,
CV,April,Floyd,stOzTFyGrgJGPgVPVTJQ,TSLA,Tesla,D7-3765549K,1851.0,,
,,,,AMZN,Amazon,i6-6739425u,2404.2,166.0,2020-06-11 12:18:13
GT,Holly,Simmons,puCpymcjBdurvfVyRYry,FB,Facebook,i3-070833X,1812.26237,148.0,2020-01-30 21:25:09
UZ,Brandi,Robbins,JTzVqzzIkFlrYUQbhnOR,AMZN,Amazon,,1948.84,102.0,
SZ,Blake,Martin,WVcMKILUHtBkEahrPLrG,TSLA,Tesla,j3-1162677H,2044.99,292.0,
SZ,Blake,Martin,WVcMKILUHtBkEahrPLrG,TSLA,Tesla,S6-216351k,2464.686977958,113.0,2020-07-26 05:22:14
SZ,Blake,Martin,WVcMKILUHtBkEahrPLrG,FB,Facebook,f3-7018409W,1689.722,32.0,
BT,Allison,Davis,TzqyQTQjZGeLZuJqlLaQ,TSLA,Tesla,e1-8198603g,1525.133,97.0,2020-01-12 23:00:10
UZ,Brandi,Robbins,JTzVqzzIkFlrYUQbhnOR,FB,Facebook,q7-9822948q,1953.533179,172.0,2020-08-01 06:09:13
NZ,Brittany,Herring,pjjFIyeNTWRUWCuKoQSU,TSLA,Tesla,o9-9354810K,2244.68489,132.0,2020-05-24 14:06:38
SZ,Blake,Martin,WVcMKILUHtBkEahrPLrG,AMZN,Amazon,m7-2532142U,1994.9,4.0,
RU,Jordan,Walker,BJbHFDutYbbXjgkPWbwf,FB,Facebook,F6-0926450E,1938.3,112.0,2020-04-13 08:06:39
LC,Erin,Grant,HToYfSueoxPSgBHsToac,,,h1-060314s,2163.1,242.0,2020-07-25 01:42:22
NZ,Brittany,Herring,pjjFIyeNTWRUWCuKoQSU,TSLA,Tesla,t3-0975006e,2391.11065,211.0,2020-07-20 01:08:27
GT,Holly,Simmons,puCpymcjBdurvfVyRYry,TSLA,Tesla,w4-1577753n,2383.748145,,2020-05-12 21:06:35
KP,Tonya,Hernandez,wsdSKUxJgukcXlhktChZ,FB,Facebook,y0-199287Q,1851.998,223.0,2020-03-08 04:40:12
NG,Crystal,Garcia,goRcbvzSLJhZvFucyhbG,TSLA,Tesla,m7-8043202S,1543.5,172.0,2020-06-18 09:39:04
JP,Christine,Baldwin,vDAqsRnDaMrcomXsosXG,TSLA,Tesla,X5-8403741W,1813.4,267.0,2020-05-12 02:56:21
KZ,Vicki,Burgess,deTclcaRrihIYAUADJPN,AMZN,Amazon,a3-3356009S,2211.1242,68.0,2020-04-11 04:27:36
JP,Christine,Baldwin,vDAqsRnDaMrcomXsosXG,AMZN,Amazon,L1-3591725d,2372.0,253.0,
GD,Kyle,Blair,RNvnAvOpyEVAoNGnVZQU,AMZN,Amazon,x4-3278769z,1831.51,71.0,2020-02-07 18:26:36
,,,,,,J1-8823586L,1913.91,,2020-06-24 13:39:19
JP,Christine,Baldwin,vDAqsRnDaMrcomXsosXG,TSLA,Tesla,V2-1465590L,1839.493,38.0,2020-01-17 08:26:42
TV,Vanessa,Green,MUVGtYHdeMdauAxzEJvt,TSLA,Tesla,n1-3343388i,,,2020-02-12 08:59:05
NG,Crystal,Garcia,goRcbvzSLJhZvFucyhbG,AMZN,Amazon,K2-874790g,,265.0,
TV,Vanessa,Green,MUVGtYHdeMdauAxzEJvt,AMZN,Amazon,l3-9831371h,,,2020-05-27 19:36:02
,,,,FB,Facebook,S7-9717416m,,297.0,2020-01-22 08:13:49
LC,Erin,Grant,HToYfSueoxPSgBHsToac,TSLA,Tesla,F2-0696951I,2377.41,,2020-05-07 19:44:25
,,,,FB,Facebook,C2-6589704T,2389.0,129.0,2020-06-10 11:49:34
,,,,TSLA,Tesla,O3-9703345w,,100.0,2020-02-15 07:55:26
GD,Kyle,Blair,RNvnAvOpyEVAoNGnVZQU,FB,Facebook,k7-0859907R,1779.984506903761,,2020-03-10 19:27:08
KM,John,Nguyen,JyfwFVYySnPCaLuQIazT,TSLA,Tesla,O5-7182673b,2302.65,179.0,2020-02-09 21:59:42
,,,,,,,2176.51,166.0,2020-06-16 08:22:06
LA,Brandon,Berry,xIZVPeFzGRmMglPrQfhK,AMZN,Amazon,j6-4989994X,1930.0,144.0,2020-06-19 10:28:34
,,,,FB,Facebook,E1-374274E,2182.434109,43.0,
MK,Scott,Thompson,sjAcfZksMRViIYdJRrnF,AMZN,Amazon,a9-5414756a,1508.543404044201,210.0,2020-02-17 19:26:06
,,,,AMZN,Amazon,,,273.0,2020-06-18 22:50:12
GD,Kyle,Blair,RNvnAvOpyEVAoNGnVZQU,TSLA,Tesla,Z0-210409D,2096.861,44.0,2020-06-01 05:32:00
CV,April,Floyd,stOzTFyGrgJGPgVPVTJQ,FB,Facebook,Q1-1135095U,1685.6,256.0,2020-03-17 09:47:24
NZ,Caitlyn,Cruz,jDmYPxeqAWfCKCQCYFEx,FB,Facebook,,1934.91,208.0,2020-06-07 10:53:44
JP,Christine,Baldwin,vDAqsRnDaMrcomXsosXG,FB,Facebook,,,,2020-02-04 07:34:04
TV,Vanessa,Green,MUVGtYHdeMdauAxzEJvt,TSLA,Tesla,y5-5999989c,,119.0,2020-06-18 05:40:25
GD,Kyle,Blair,RNvnAvOpyEVAoNGnVZQU,TSLA,Tesla,S9-7648715R,2431.0,129.0,2020-05-10 18:51:45
GT,Holly,Simmons,puCpymcjBdurvfVyRYry,TSLA,Tesla,v5-552424p,1533.9878684363848,83.0,2020-06-16 12:11:22
KM,John,Nguyen,JyfwFVYySnPCaLuQIazT,AMZN,Amazon,l0-4986472d,1785.4415,69.0,2020-03-02 13:56:36
TN,Tony,Hoffman,vHakrmHtTDvuKvIcxniB,FB,Facebook,m9-0644897j,2494.52,120.0,2020-05-07 15:19:10
,,,,FB,Facebook,R2-792653N,1585.0,95.0,2020-04-02 13:53:52
SZ,Blake,Martin,WVcMKILUHtBkEahrPLrG,AMZN,Amazon,y6-8185379t,,48.0,2020-06-02 11:37:03
KP,Tonya,Hernandez,wsdSKUxJgukcXlhktChZ,,,Y0-5944391q,2050.539,119.0,2020-07-19 22:01:06
CV,April,Floyd,stOzTFyGrgJGPgVPVTJQ,AMZN,Amazon,,2183.0,145.0,
TN,Tony,Hoffman,vHakrmHtTDvuKvIcxniB,AMZN,Amazon,Q3-4589262q,2440.0,131.0,2020-06-09 23:48:07
NZ,Brittany,Herring,pjjFIyeNTWRUWCuKoQSU,,,,2052.7707322,19.0,2020-03-23 13:09:57
LA,Brandon,Berry,xIZVPeFzGRmMglPrQfhK,FB,Facebook,v6-7114789r,1990.9288301,287.0,2020-02-11 00:28:13
LA,Brandon,Berry,xIZVPeFzGRmMglPrQfhK,AMZN,Amazon,x3-4582878R,2077.0,51.0,2020-03-18 14:59:55
NG,Crystal,Garcia,goRcbvzSLJhZvFucyhbG,AMZN,Amazon,x9-6387224S,2326.11575691,209.0,2020-05-08 01:11:07
LC,Erin,Grant,HToYfSueoxPSgBHsToac,TSLA,Tesla,W3-9745604g,,145.0,2020-01-06 22:00:32
KZ,Vicki,Burgess,deTclcaRrihIYAUADJPN,FB,Facebook,v0-1381725b,1549.9731,166.0,2020-07-13 22:57:54
RO,Lisa,Brown,kBFQzPuESPIajAndSXpv,FB,Facebook,,1557.0,53.0,
,,,,TSLA,Tesla,L1-1745254G,2452.926,33.0,2020-05-31 02:58:05
NZ,Brittany,Herring,pjjFIyeNTWRUWCuKoQSU,AMZN,Amazon,t4-8877648d,1524.33,203.0,2020-06-16 08:00:25
KP,Tonya,Hernandez,wsdSKUxJgukcXlhktChZ,AMZN,Amazon,D8-3077766i,2199.618785,,2020-06-05 15:07:55
KP,Tonya,Hernandez,wsdSKUxJgukcXlhktChZ,AMZN,Amazon,u3-0414095L,2099.1519135,38.0,
LA,Brandon,Berry,xIZVPeFzGRmMglPrQfhK,TSLA,Tesla,,1784.0,274.0,2020-07-21 15:16:51
GT,Holly,Simmons,puCpymcjBdurvfVyRYry,TSLA,Tesla,g2-9676820w,,,2020-07-12 22:25:41
,,,,AMZN,Amazon,f0-5772590o,1791.95308017331,84.0,2020-06-22 09:27:34
JP,Christine,Baldwin,vDAqsRnDaMrcomXsosXG,,,X9-2405395q,2256.74872887446,10.0,2020-02-24 02:44:32
SZ,Blake,Martin,WVcMKILUHtBkEahrPLrG,TSLA,Tesla,f4-3178583s,2471.91803545047,247.0,2020-06-28 21:00:21
TV,Vanessa,Green,MUVGtYHdeMdauAxzEJvt,TSLA,Tesla,f5-2488710F,1646.8343148723,112.0,2020-05-11 04:23:20
,,,,TSLA,Tesla,P5-8253332o,1892.4,94.0,2020-04-17 18:30:29
GD,Kyle,Blair,RNvnAvOpyEVAoNGnVZQU,TSLA,Tesla,n3-8063788t,1734.2319,219.0,2020-03-09 06:04:13
KP,Tonya,Hernandez,wsdSKUxJgukcXlhktChZ,TSLA,Tesla,X1-0096346r,1829.97,216.0,2020-04-04 10:42:00
JP,Christine,Baldwin,vDAqsRnDaMrcomXsosXG,TSLA,Tesla,E8-0822170o,1562.49038892,,2020-03-14 02:47:19
UZ,Brandi,Robbins,JTzVqzzIkFlrYUQbhnOR,FB,Facebook,W2-2974720Q,1528.248855,146.0,2020-02-03 16:23:51
,,,,FB,Facebook,g4-8358140M,2176.21259,199.0,2020-06-02 06:16:24
SZ,Blake,Martin,WVcMKILUHtBkEahrPLrG,TSLA,Tesla,y2-2483442o,2228.8,223.0,2020-03-15 21:32:18
CV,April,Floyd,stOzTFyGrgJGPgVPVTJQ,TSLA,Tesla,y3-5327321s,2418.0,249.0,2020-07-07 07:26:42
LA,Brandon,Berry,xIZVPeFzGRmMglPrQfhK,AMZN,Amazon,,1980.83,42.0,2020-03-13 02:27:57
KZ,Vicki,Burgess,deTclcaRrihIYAUADJPN,FB,Facebook,Z3-6642676G,2373.67,70.0,2020-03-25 00:44:02
MK,Scott,Thompson,sjAcfZksMRViIYdJRrnF,TSLA,Tesla,t4-7265705P,1711.8374871,145.0,2020-05-03 09:40:02
KZ,Vicki,Burgess,deTclcaRrihIYAUADJPN,FB,Facebook,D3-9046699U,1805.942012,34.0,2020-06-04 13:53:19
NZ,Brittany,Herring,pjjFIyeNTWRUWCuKoQSU,FB,Facebook,G7-906822Q,2325.0,59.0,2020-03-05 06:06:45
LA,Brandon,Berry,xIZVPeFzGRmMglPrQfhK,AMZN,Amazon,d0-9422853b,2369.497,230.0,2020-03-09 06:48:59
LC,Erin,Grant,HToYfSueoxPSgBHsToac,AMZN,Amazon,f5-046521r,1894.73,225.0,2020-01-24 11:10:06
RU,Jordan,Walker,BJbHFDutYbbXjgkPWbwf,AMZN,Amazon,T5-3326666V,1729.0,145.0,2020-03-08 21:48:27
KP,Tonya,Hernandez,wsdSKUxJgukcXlhktChZ,,,Q5-7827264y,1806.4,235.0,2020-03-24 03:28:14
MK,Scott,Thompson,sjAcfZksMRViIYdJRrnF,FB,Facebook,h4-7911597V,1572.0,166.0,2020-02-17 23:59:48
MK,Scott,Thompson,sjAcfZksMRViIYdJRrnF,AMZN,Amazon,W3-8564975I,1694.147299,282.0,2020-02-01 21:17:22
,,,,AMZN,Amazon,f1-5705494X,2427.0,120.0,2020-04-29 00:31:47
,,,,AMZN,Amazon,i4-4232234Q,1822.86,129.0,2020-05-18 20:15:34
LC,Erin,Grant,HToYfSueoxPSgBHsToac,AMZN,Amazon,c8-3395589R,2454.0,87.0,2020-07-05 05:48:19
KZ,Vicki,Burgess,deTclcaRrihIYAUADJPN,AMZN,Amazon,j3-8758429Q,1554.962,243.0,2020-03-12 19:42:37
,,,,AMZN,Amazon,K3-7867680F,2285.0,4.0,2020-07-21 05:36:12
KZ,Vicki,Burgess,deTclcaRrihIYAUADJPN,FB,Facebook,S8-7693720h,1935.76,223.0,2020-02-05 23:28:16
CV,April,Floyd,stOzTFyGrgJGPgVPVTJQ,AMZN,Amazon,z1-1234462u,2039.582452,52.0,2020-06-24 13:28:57
LA,Brandon,Berry,xIZVPeFzGRmMglPrQfhK,FB,Facebook,g7-2872947d,2332.0,85.0,2020-03-25 04:07:42
